-- Cкрипты создания структуры БД

DROP TABLE IF EXISTS users;
CREATE TABLE users (
  id INT UNSIGNED NOT NULL AUTO_INCREMENT PRIMARY KEY COMMENT "Идентификатор строки", 
  username VARCHAR(30) NOT NULL COMMENT "Логин",
  first_name VARCHAR(100) NOT NULL COMMENT "Имя пользователя",
  last_name VARCHAR(100) NOT NULL COMMENT "Фамилия пользователя",
  email VARCHAR(100) NOT NULL UNIQUE COMMENT "Почта",
  phone VARCHAR(100) NOT NULL UNIQUE COMMENT "Телефон",
  created_at DATETIME DEFAULT CURRENT_TIMESTAMP COMMENT "Дата регистрации",  
  updated_at DATETIME DEFAULT CURRENT_TIMESTAMP ON UPDATE CURRENT_TIMESTAMP COMMENT "Дата обновления строки"
) COMMENT "Пользователи";  


DROP TABLE IF EXISTS profiles;
CREATE TABLE profiles (
  user_id INT UNSIGNED NOT NULL PRIMARY KEY COMMENT "Ссылка на пользователя", 
  media_id INT COMMENT "Ссылка на идентификатор медиа",
  gender ENUM('мужской', 'женский') NOT NULL COMMENT "Пол",
  birthday DATE COMMENT "Дата рождения",
  city VARCHAR(130) COMMENT "Местоположение",
  status ENUM('Читатель', 'Автор') NOT NULL COMMENT "Статус профиля",
  about_yourself VARCHAR(255) COMMENT "О себе",
  created_at DATETIME DEFAULT CURRENT_TIMESTAMP COMMENT "Время создания строки",  
  updated_at DATETIME DEFAULT CURRENT_TIMESTAMP ON UPDATE CURRENT_TIMESTAMP COMMENT "Время обновления строки"
) COMMENT "Профили"; 


DROP TABLE IF EXISTS books;
CREATE TABLE books (
  id INT UNSIGNED NOT NULL AUTO_INCREMENT PRIMARY KEY COMMENT "Идентификатор книги",
  name VARCHAR(255) NOT NULL COMMENT "Название",
  media_id INT COMMENT "Ссылка на идентификатор медиа",
  author VARCHAR(255) NOT NULL COMMENT "Автор",
  description TEXT COMMENT "Описание",
  series_id INT COMMENT "Идентификатор серии",
  publisher VARCHAR(255) COMMENT "Издательство",
  genres_id LONGTEXT COMMENT "Жанры",
  isbn VARCHAR(50) COMMENT "ISBN",
  publish_year INT(4) COMMENT "Год издания",
  language VARCHAR(50) COMMENT "Язык",
  age VARCHAR(10) COMMENT "Возрастное ограничение",
  created_at DATETIME DEFAULT CURRENT_TIMESTAMP COMMENT "Время создания строки",  
  updated_at DATETIME DEFAULT CURRENT_TIMESTAMP ON UPDATE CURRENT_TIMESTAMP COMMENT "Время обновления строки"
) COMMENT "Книги";


DROP TABLE IF EXISTS series;
CREATE TABLE series (
  id INT UNSIGNED NOT NULL COMMENT "Идентификатор серии",
  book_id INT NOT NULL COMMENT "Идентификатор книги"
) COMMENT "Серии";


DROP TABLE IF EXISTS comments;
CREATE TABLE comments (
  id INT UNSIGNED NOT NULL AUTO_INCREMENT PRIMARY KEY COMMENT "Идентификатор комментрия",
  book_id INT NOT NULL COMMENT "Идентификатор книги",
  user_id INT NOT NULL COMMENT "Автор комментария",
  body LONGTEXT COMMENT "Текст комментария",
  created_at DATETIME DEFAULT CURRENT_TIMESTAMP COMMENT "Время создания комментария",  
  updated_at DATETIME DEFAULT CURRENT_TIMESTAMP ON UPDATE CURRENT_TIMESTAMP COMMENT "Время обновления строки"
) COMMENT "Комментарии";


DROP TABLE IF EXISTS friendship;
CREATE TABLE friendship (
  user_id INT UNSIGNED NOT NULL COMMENT "Ссылка на инициатора дружеских отношений",
  friend_id INT UNSIGNED NOT NULL COMMENT "Ссылка на получателя приглашения дружить",
  friendship_status_id INT UNSIGNED NOT NULL COMMENT "Ссылка на статус (текущее состояние) отношений",
  requested_at DATETIME DEFAULT NOW() COMMENT "Время отправления приглашения дружить",
  confirmed_at DATETIME COMMENT "Время подтверждения приглашения",
  created_at DATETIME DEFAULT CURRENT_TIMESTAMP COMMENT "Время создания строки",  
  updated_at DATETIME DEFAULT CURRENT_TIMESTAMP ON UPDATE CURRENT_TIMESTAMP COMMENT "Время обновления строки",  
  PRIMARY KEY (user_id, friend_id) COMMENT "Составной первичный ключ"
) COMMENT "Дружба";


DROP TABLE IF EXISTS friendship_statuses;
CREATE TABLE friendship_statuses (
  id INT UNSIGNED NOT NULL AUTO_INCREMENT PRIMARY KEY COMMENT "Идентификатор строки",
  name VARCHAR(150) NOT NULL UNIQUE COMMENT "Название статуса",
  created_at DATETIME DEFAULT CURRENT_TIMESTAMP COMMENT "Время создания строки",  
  updated_at DATETIME DEFAULT CURRENT_TIMESTAMP ON UPDATE CURRENT_TIMESTAMP COMMENT "Время обновления строки"  
) COMMENT "Статусы дружбы";


DROP TABLE IF EXISTS reviews;
CREATE TABLE reviews (
  id INT UNSIGNED NOT NULL AUTO_INCREMENT PRIMARY KEY COMMENT "Идентификатор рецензии",
  user_id INT NOT NULL COMMENT "Ссылка на автора рецензии",
  body LONGTEXT COMMENT "Текст рецензии",
  created_at DATETIME DEFAULT CURRENT_TIMESTAMP COMMENT "Время создания рецензии",  
  updated_at DATETIME DEFAULT CURRENT_TIMESTAMP ON UPDATE CURRENT_TIMESTAMP COMMENT "Время обновления строки"
) COMMENT "Рецензии";


DROP TABLE IF EXISTS genres;
CREATE TABLE genres (
  id INT UNSIGNED NOT NULL AUTO_INCREMENT PRIMARY KEY COMMENT "Идентификатор жанра",
  name VARCHAR(100) NOT NULL UNIQUE COMMENT "Название жанра",
  created_at DATETIME DEFAULT CURRENT_TIMESTAMP COMMENT "Время создания строки",  
  updated_at DATETIME DEFAULT CURRENT_TIMESTAMP ON UPDATE CURRENT_TIMESTAMP COMMENT "Время обновления строки"
) COMMENT "Жанры";


DROP TABLE IF EXISTS posts;
CREATE TABLE posts (
  id INT UNSIGNED NOT NULL AUTO_INCREMENT PRIMARY KEY COMMENT "Идентификатор статьи",
  name VARCHAR(150) NOT NULL COMMENT "Название статьи",
  body LONGTEXT COMMENT "Текст статьи",
  user_id INT NOT NULL COMMENT "Ссылка на автора статьи",
  media_id INT COMMENT "Ссылка на идентификатор медиа",
  source VARCHAR(255) COMMENT "Источник",
  created_at DATETIME DEFAULT CURRENT_TIMESTAMP COMMENT "Время создания строки",
  updated_at DATETIME DEFAULT CURRENT_TIMESTAMP ON UPDATE CURRENT_TIMESTAMP COMMENT "Время обновления строки"
) COMMENT "Статьи";


DROP TABLE IF EXISTS media;
CREATE TABLE media (
  id INT UNSIGNED NOT NULL AUTO_INCREMENT PRIMARY KEY COMMENT "Идентификатор медиа",
  user_id INT UNSIGNED NOT NULL COMMENT "Ссылка на пользователя, который загрузил файл",
  filename VARCHAR(255) NOT NULL COMMENT "Путь к файлу",
  size INT NOT NULL COMMENT "Размер файла",
  created_at DATETIME DEFAULT CURRENT_TIMESTAMP COMMENT "Время создания строки",
  updated_at DATETIME DEFAULT CURRENT_TIMESTAMP ON UPDATE CURRENT_TIMESTAMP COMMENT "Время обновления строки"
) COMMENT "Медиафайлы";


DROP TABLE IF EXISTS books_statuses;
CREATE TABLE books_statuses (
  user_id INT UNSIGNED NOT NULL COMMENT "Ссылка на пользователя",
  book_id INT UNSIGNED NOT NULL COMMENT "Ссылка на книгу",
  book_status_id INT UNSIGNED NOT NULL COMMENT "Ссылка на статус",
  created_at DATETIME DEFAULT CURRENT_TIMESTAMP COMMENT "Время создания строки",
  updated_at DATETIME DEFAULT CURRENT_TIMESTAMP ON UPDATE CURRENT_TIMESTAMP COMMENT "Время обновления строки"
) COMMENT "Статусы книг";


DROP TABLE IF EXISTS statuses;
CREATE TABLE statuses (
  id INT UNSIGNED NOT NULL AUTO_INCREMENT PRIMARY KEY COMMENT "Идентификатор статуса",
  name VARCHAR(50) NOT NULL COMMENT "Название статуса",
  created_at DATETIME DEFAULT CURRENT_TIMESTAMP COMMENT "Время создания строки",
  updated_at DATETIME DEFAULT CURRENT_TIMESTAMP ON UPDATE CURRENT_TIMESTAMP COMMENT "Время обновления строки"
) COMMENT "Статусы";


-- Скрипты наполнения БД данными

INSERT INTO friendship_statuses(name) VALUES
  ('Requested'),
  ('Confirmed'),
  ('Rejected');
 
 
 INSERT INTO genres(name) VALUES 
   ('Городское фэнтези '),
   ('Современные детективы'),
   ('Сказки '),
   ('Классическая проза '),
   ('Экономика '),
   ('Менеджмент'),
   ('Зарубежная фантастика'),
   ('Биографии и мемуары '),
   ('Публицистика '),
   ('Мистика ');
  

INSERT INTO statuses(name) VALUES 
  ('Хочу прочитать'),
  ('Прочитал'),
  ('Читаю сейчас'),
  ('Не дочитал');
 
 
INSERT INTO `books` (`id`, `name`, `media_id`, `author`, `description`, `series_id`, `publisher`, `genres_id`, `isbn`, `publish_year`, `language`, `age`, `created_at`, `updated_at`) VALUES (1, 'quis', 137, 'Jadyn Fisher IV', 'Vitae quia vitae non molestiae. Voluptates illum rerum aut tempora explicabo ea perferendis. Commodi numquam quasi nihil et non. Deserunt occaecati est id.', 24, 'Muller Inc', '8', '4162587512926704', 2015, 'de', '', '2011-09-19 22:42:10', '2020-04-21 12:13:01');
INSERT INTO `books` (`id`, `name`, `media_id`, `author`, `description`, `series_id`, `publisher`, `genres_id`, `isbn`, `publish_year`, `language`, `age`, `created_at`, `updated_at`) VALUES (2, 'rerum', 6, 'Eulah O\'Hara', 'Blanditiis qui quam sint et. Ut atque vel autem rem.', 0, 'Oberbrunner, Keebler and Gleason', '5', '4916025977835', 1985, 'es', '', '2016-10-27 05:27:13', '2021-01-24 19:43:44');
INSERT INTO `books` (`id`, `name`, `media_id`, `author`, `description`, `series_id`, `publisher`, `genres_id`, `isbn`, `publish_year`, `language`, `age`, `created_at`, `updated_at`) VALUES (3, 'tenetur', 0, 'Albina Gerlach DDS', 'Dolorem impedit exercitationem aut et. Sit eaque distinctio tempora dolorum aperiam voluptate quos.', 62, 'Blick Ltd', '6', '5180524615035796', 2001, 'pt', '\"18+\"', '2015-04-29 08:04:31', '2020-05-08 12:23:31');
INSERT INTO `books` (`id`, `name`, `media_id`, `author`, `description`, `series_id`, `publisher`, `genres_id`, `isbn`, `publish_year`, `language`, `age`, `created_at`, `updated_at`) VALUES (4, 'delectus', 109, 'Ms. Neha Champlin DVM', 'Rerum facere occaecati possimus sit repellat delectus. Vel et et voluptatum temporibus unde facere optio. Est autem qui praesentium iure nihil. Et magnam aut tempore autem adipisci molestiae deserunt.', 10, 'Donnelly, Brakus and Heathcote', '9', '5190606074550642', 2008, 'pt', '\"0+\"', '2012-12-18 14:00:56', '2020-08-20 03:48:52');
INSERT INTO `books` (`id`, `name`, `media_id`, `author`, `description`, `series_id`, `publisher`, `genres_id`, `isbn`, `publish_year`, `language`, `age`, `created_at`, `updated_at`) VALUES (5, 'optio', 95, 'Lue Witting', 'Possimus reiciendis veniam vel officiis quia. Ducimus et quo quasi. Quia et provident sunt voluptas officiis soluta et enim.', 43, 'Marks-Spinka', '5', '5138232656672992', 1984, 'pt', '\"12+\"', '2014-10-24 20:01:12', '2020-04-08 00:59:06');
INSERT INTO `books` (`id`, `name`, `media_id`, `author`, `description`, `series_id`, `publisher`, `genres_id`, `isbn`, `publish_year`, `language`, `age`, `created_at`, `updated_at`) VALUES (6, 'enim', 5, 'Darrin Lang', 'Nihil iure cum occaecati voluptatem iure error. Excepturi hic sunt occaecati quis provident aut ea repellendus. In nobis eius ad iste.', 0, 'Armstrong-Schumm', '5', '5512887234918981', 2006, 'es', '\"16+\"', '2012-02-20 14:01:51', '2020-11-26 02:42:33');
INSERT INTO `books` (`id`, `name`, `media_id`, `author`, `description`, `series_id`, `publisher`, `genres_id`, `isbn`, `publish_year`, `language`, `age`, `created_at`, `updated_at`) VALUES (7, 'sunt', 0, 'Ms. Caitlyn McDermott II', 'Eum pariatur adipisci nemo magni. Et accusamus mollitia doloribus id incidunt. Ipsam earum nihil et est.', 95, 'Kiehn-Leannon', '4', '5244566180268081', 1981, 'it', '\"18+\"', '2016-04-28 19:41:21', '2020-03-29 21:03:43');
INSERT INTO `books` (`id`, `name`, `media_id`, `author`, `description`, `series_id`, `publisher`, `genres_id`, `isbn`, `publish_year`, `language`, `age`, `created_at`, `updated_at`) VALUES (8, 'blanditiis', 0, 'Sabina Windler', 'Rerum fugit at recusandae similique ut. Sunt aliquid rerum reprehenderit. Explicabo est suscipit suscipit voluptatem.', 0, 'Bayer-Stanton', '10', '5414614370838336', 1996, 'pt', '\"12+\"', '2015-08-11 17:50:34', '2020-09-07 18:17:58');
INSERT INTO `books` (`id`, `name`, `media_id`, `author`, `description`, `series_id`, `publisher`, `genres_id`, `isbn`, `publish_year`, `language`, `age`, `created_at`, `updated_at`) VALUES (9, 'ipsa', 92, 'Jane Turner', 'Ad nobis excepturi ad et eveniet numquam quo libero. Excepturi et incidunt quo ut magnam.', 0, 'Mante-King', '3', '4024007122266', 1970, 'cn', '\"18+\"', '2020-12-11 21:14:38', '2020-08-22 03:26:22');
INSERT INTO `books` (`id`, `name`, `media_id`, `author`, `description`, `series_id`, `publisher`, `genres_id`, `isbn`, `publish_year`, `language`, `age`, `created_at`, `updated_at`) VALUES (10, 'sunt', 142, 'Prince Vandervort III', 'Enim culpa quisquam nisi veritatis qui. Et enim mollitia accusamus fuga neque. Est voluptas beatae minus aut. Fugit in recusandae sed occaecati et voluptas.', 0, 'Emmerich LLC', '6', '4024007180373452', 1996, 'cn', '\"16+\"', '2015-05-19 07:30:08', '2020-05-01 02:16:32');
INSERT INTO `books` (`id`, `name`, `media_id`, `author`, `description`, `series_id`, `publisher`, `genres_id`, `isbn`, `publish_year`, `language`, `age`, `created_at`, `updated_at`) VALUES (11, 'natus', 0, 'Isaias Mann', 'Rerum possimus nihil exercitationem consectetur. Qui consectetur natus est provident eligendi nostrum. Sapiente et illum ut rerum. Libero quidem in quisquam eius voluptate iste quos.', 0, 'Marvin LLC', '9', '4539193090702517', 2007, 'ru', '\"18+\"', '2019-10-04 11:31:33', '2020-10-15 04:37:35');
INSERT INTO `books` (`id`, `name`, `media_id`, `author`, `description`, `series_id`, `publisher`, `genres_id`, `isbn`, `publish_year`, `language`, `age`, `created_at`, `updated_at`) VALUES (12, 'nemo', 2, 'Gabrielle Schulist', 'Asperiores id eligendi sed ut ut. Nobis corrupti sint rerum et quos quisquam neque. Esse ut quia veritatis voluptatem omnis sit odio.', 0, 'Crona Inc', '4', '4556729083435177', 2011, 'ru', '\"12+\"', '2014-08-21 08:16:36', '2020-06-02 01:07:01');
INSERT INTO `books` (`id`, `name`, `media_id`, `author`, `description`, `series_id`, `publisher`, `genres_id`, `isbn`, `publish_year`, `language`, `age`, `created_at`, `updated_at`) VALUES (13, 'necessitatibus', 84, 'Amani Quigley', 'Aliquam accusantium consectetur quae placeat. Hic tempora reiciendis nobis in. Nihil natus dicta maiores. Qui esse assumenda ut amet voluptatum.', 85, 'Wiegand and Sons', '7', '5387639403266715', 1992, 'pt', '\"16+\"', '2014-07-08 13:18:32', '2020-05-09 14:56:30');
INSERT INTO `books` (`id`, `name`, `media_id`, `author`, `description`, `series_id`, `publisher`, `genres_id`, `isbn`, `publish_year`, `language`, `age`, `created_at`, `updated_at`) VALUES (14, 'inventore', 0, 'Prof. Eloy Donnelly', 'Quos minus nihil qui tempore ut voluptatem. Qui at ut ipsa in. Quo qui est nesciunt quasi dolorum suscipit.', 47, 'Marvin-Kemmer', '9', '5136863524579493', 2016, 'es', '', '2020-11-24 13:19:02', '2020-06-17 08:50:12');
INSERT INTO `books` (`id`, `name`, `media_id`, `author`, `description`, `series_id`, `publisher`, `genres_id`, `isbn`, `publish_year`, `language`, `age`, `created_at`, `updated_at`) VALUES (15, 'et', 0, 'Mr. Abner Paucek', 'Voluptate ea aut ducimus similique. Quia odio explicabo aut. Ut voluptas incidunt dolore aut quia est quidem. Excepturi alias architecto delectus dolore dignissimos. Labore nesciunt esse ut non tempora iusto.', 0, 'Gottlieb, Grant and Satterfield', '3', '4732783489687064', 1978, 'es', '\"0+\"', '2016-06-10 13:57:46', '2020-04-01 08:26:19');
INSERT INTO `books` (`id`, `name`, `media_id`, `author`, `description`, `series_id`, `publisher`, `genres_id`, `isbn`, `publish_year`, `language`, `age`, `created_at`, `updated_at`) VALUES (16, 'repellendus', 0, 'Dr. Darren Walker I', 'Ex modi laborum neque quo corrupti quidem. Eum assumenda asperiores vero rerum saepe. Odio accusantium vel hic corrupti quia asperiores eius.', 0, 'Stiedemann, Dach and Howe', '6', '4131649877361', 1989, 'de', '\"0+\"', '2019-10-21 06:39:38', '2021-01-15 22:36:22');
INSERT INTO `books` (`id`, `name`, `media_id`, `author`, `description`, `series_id`, `publisher`, `genres_id`, `isbn`, `publish_year`, `language`, `age`, `created_at`, `updated_at`) VALUES (17, 'dignissimos', 150, 'Callie Abernathy', 'Dolor id reiciendis totam velit veritatis iure dolorum. Eveniet sapiente adipisci consequatur hic autem reiciendis recusandae. Deserunt et voluptas aut accusamus cum. Et veritatis et repellendus. Ratione est corporis perferendis sapiente.', 0, 'Hudson PLC', '3', '5498127189371457', 1993, 'pt', '\"18+\"', '2020-04-04 22:04:11', '2020-05-28 15:55:10');
INSERT INTO `books` (`id`, `name`, `media_id`, `author`, `description`, `series_id`, `publisher`, `genres_id`, `isbn`, `publish_year`, `language`, `age`, `created_at`, `updated_at`) VALUES (18, 'dolorum', 0, 'Lillian Turcotte Sr.', 'Et eum illum facere porro molestiae incidunt ut. Alias debitis blanditiis nemo exercitationem. Est minus quidem aut quos dolor et. Rem ut necessitatibus alias illo molestiae esse.', 0, 'Kertzmann LLC', '3', '4024007161349', 2005, 'pt', '\"16+\"', '2012-05-21 10:36:08', '2021-02-27 11:36:05');
INSERT INTO `books` (`id`, `name`, `media_id`, `author`, `description`, `series_id`, `publisher`, `genres_id`, `isbn`, `publish_year`, `language`, `age`, `created_at`, `updated_at`) VALUES (19, 'sit', 0, 'Eloy Jacobs', 'Rerum incidunt omnis non eaque omnis quia. Reiciendis voluptas non eaque rerum. Reprehenderit in velit explicabo amet voluptatem ut sequi numquam. Perferendis cum eveniet qui optio ut corporis.', 0, 'Grimes, Ziemann and Bednar', '9', '5286101821130842', 1982, 'fr', '\"12+\"', '2020-01-23 18:16:25', '2020-04-12 13:24:26');
INSERT INTO `books` (`id`, `name`, `media_id`, `author`, `description`, `series_id`, `publisher`, `genres_id`, `isbn`, `publish_year`, `language`, `age`, `created_at`, `updated_at`) VALUES (20, 'quos', 0, 'Scotty Hayes', 'In ut voluptas tempora quia ex in. Id quo quae non quaerat. Quia rerum aspernatur omnis officiis repellendus et omnis unde.', 87, 'Gislason Ltd', '1', '5256531651954322', 2004, 'ru', '\"0+\"', '2013-10-22 21:16:53', '2020-03-19 21:30:54');
INSERT INTO `books` (`id`, `name`, `media_id`, `author`, `description`, `series_id`, `publisher`, `genres_id`, `isbn`, `publish_year`, `language`, `age`, `created_at`, `updated_at`) VALUES (21, 'sit', 139, 'Nicklaus Schulist', 'Laboriosam aut alias perferendis quis. Sequi ipsam placeat facere omnis quia fugiat. Sunt totam placeat est amet ratione nesciunt. Accusantium nisi qui fuga cumque reiciendis tenetur.', 0, 'Kihn PLC', '8', '5205939081171017', 1996, 'en', '\"12+\"', '2016-05-13 19:44:12', '2021-02-08 07:53:38');
INSERT INTO `books` (`id`, `name`, `media_id`, `author`, `description`, `series_id`, `publisher`, `genres_id`, `isbn`, `publish_year`, `language`, `age`, `created_at`, `updated_at`) VALUES (22, 'impedit', 0, 'Christophe Runte', 'Veniam hic totam sit voluptas aliquid qui. Dolorum cum omnis et accusantium libero voluptatem. Ut consequatur aut numquam omnis quasi saepe. Ullam blanditiis qui eius qui beatae.', 0, 'Schamberger-Stehr', '5', '4147342287811', 1978, 'cn', '\"3+\"', '2019-02-03 07:54:20', '2020-10-05 00:29:40');
INSERT INTO `books` (`id`, `name`, `media_id`, `author`, `description`, `series_id`, `publisher`, `genres_id`, `isbn`, `publish_year`, `language`, `age`, `created_at`, `updated_at`) VALUES (23, 'beatae', 84, 'Edwina Heaney', 'Et eveniet blanditiis enim esse. Vel nesciunt sapiente molestiae reprehenderit dolorum. Quas qui neque maiores esse. Officiis consequatur iusto nulla velit et.', 4, 'Johnson-Runte', '7', '4916418354081955', 1999, 'en', '\"16+\"', '2020-11-12 20:47:58', '2020-08-29 14:47:14');
INSERT INTO `books` (`id`, `name`, `media_id`, `author`, `description`, `series_id`, `publisher`, `genres_id`, `isbn`, `publish_year`, `language`, `age`, `created_at`, `updated_at`) VALUES (24, 'ea', 145, 'Josue Stanton', 'Placeat omnis error non veritatis qui ab. Quam consectetur saepe quam laboriosam. Consequuntur ut repellat aut quo.', 88, 'Jast Group', '8', '4916314487537074', 2012, 'fr', '\"3+\"', '2017-07-28 01:11:00', '2021-02-18 06:13:09');
INSERT INTO `books` (`id`, `name`, `media_id`, `author`, `description`, `series_id`, `publisher`, `genres_id`, `isbn`, `publish_year`, `language`, `age`, `created_at`, `updated_at`) VALUES (25, 'ipsam', 11, 'Idella Cummings', 'Accusamus optio facere eveniet quia quis. Et voluptas eius consectetur asperiores harum. Ea amet dolores modi id facere natus voluptatem.', 0, 'Turner-Olson', '7', '5260904238723310', 2017, 'fr', '\"16+\"', '2018-08-07 00:49:46', '2020-08-19 01:25:14');
INSERT INTO `books` (`id`, `name`, `media_id`, `author`, `description`, `series_id`, `publisher`, `genres_id`, `isbn`, `publish_year`, `language`, `age`, `created_at`, `updated_at`) VALUES (26, 'debitis', 0, 'Filomena Cremin', 'Maxime perspiciatis voluptatibus eos quas nulla consequatur voluptates. Omnis odio et ab repudiandae. Odit voluptatum ratione voluptate nobis dolorem iusto quo.', 46, 'Simonis and Sons', '10', '4556385981524', 1980, 'en', '\"16+\"', '2018-09-26 08:02:26', '2020-05-12 16:39:38');
INSERT INTO `books` (`id`, `name`, `media_id`, `author`, `description`, `series_id`, `publisher`, `genres_id`, `isbn`, `publish_year`, `language`, `age`, `created_at`, `updated_at`) VALUES (27, 'explicabo', 6, 'Dr. Keith Walker', 'Nihil delectus inventore esse nobis esse. Debitis iusto non qui dolorem aut error. Laboriosam atque ea facere doloribus ea.', 0, 'Kling PLC', '7', '5526972624589558', 2008, 'ru', '\"16+\"', '2017-10-14 03:03:44', '2021-01-24 04:36:11');
INSERT INTO `books` (`id`, `name`, `media_id`, `author`, `description`, `series_id`, `publisher`, `genres_id`, `isbn`, `publish_year`, `language`, `age`, `created_at`, `updated_at`) VALUES (28, 'nobis', 17, 'Dr. Reese Haley', 'Totam commodi quia eos a iure. Aperiam saepe nihil at autem reiciendis ipsa magni. Modi id eum quia aliquam. Dolor laborum sint ipsum ut.', 0, 'Durgan, Torp and Larkin', '6', '5132667689437304', 1973, 'cn', '\"3+\"', '2015-02-22 04:20:36', '2020-07-12 07:13:12');
INSERT INTO `books` (`id`, `name`, `media_id`, `author`, `description`, `series_id`, `publisher`, `genres_id`, `isbn`, `publish_year`, `language`, `age`, `created_at`, `updated_at`) VALUES (29, 'est', 69, 'Prof. Robbie Price IV', 'Consectetur velit sed quis soluta et officia aut aspernatur. Odio reiciendis temporibus unde consequatur officiis illo ut. Doloribus minima culpa dolores quo earum non consequatur.', 85, 'Yost Ltd', '10', '5399799095518694', 2017, 'es', '\"0+\"', '2012-01-26 13:08:35', '2021-02-05 02:44:36');
INSERT INTO `books` (`id`, `name`, `media_id`, `author`, `description`, `series_id`, `publisher`, `genres_id`, `isbn`, `publish_year`, `language`, `age`, `created_at`, `updated_at`) VALUES (30, 'sequi', 117, 'Mrs. April Steuber MD', 'Perferendis dolorum dolore voluptatum quaerat ipsum placeat. Quidem consequuntur totam esse suscipit laboriosam. Dolores non sequi est aut eveniet eveniet quia in.', 0, 'Daniel, Little and Walter', '3', '5224164303708369', 2006, 'fr', '\"0+\"', '2014-10-13 11:53:30', '2020-05-29 22:44:40');
INSERT INTO `books` (`id`, `name`, `media_id`, `author`, `description`, `series_id`, `publisher`, `genres_id`, `isbn`, `publish_year`, `language`, `age`, `created_at`, `updated_at`) VALUES (31, 'laborum', 0, 'Hailie Hoppe', 'Harum aut deserunt et itaque. Laudantium ex voluptas possimus autem tempora voluptatem. Blanditiis neque nihil quia nihil eos. Illum modi consectetur quas in excepturi aliquam.', 0, 'Bailey-Shields', '6', '5124586650057454', 2006, 'pt', '\"18+\"', '2019-06-17 16:13:26', '2020-07-08 04:19:23');
INSERT INTO `books` (`id`, `name`, `media_id`, `author`, `description`, `series_id`, `publisher`, `genres_id`, `isbn`, `publish_year`, `language`, `age`, `created_at`, `updated_at`) VALUES (32, 'commodi', 0, 'Raoul Hartmann', 'Distinctio harum amet at quia possimus. Omnis inventore molestiae nulla ipsam esse dolore. Et sequi consequatur optio.', 88, 'Labadie, Pagac and Wilkinson', '6', '6011841699238116', 1990, 'it', '\"16+\"', '2019-10-07 17:39:13', '2020-08-28 12:10:33');
INSERT INTO `books` (`id`, `name`, `media_id`, `author`, `description`, `series_id`, `publisher`, `genres_id`, `isbn`, `publish_year`, `language`, `age`, `created_at`, `updated_at`) VALUES (33, 'enim', 0, 'Mr. Halle Prosacco', 'Repellat soluta doloremque sed deserunt sequi quia quasi aut. Eos modi tempore rerum optio et laborum. Numquam distinctio inventore est sunt commodi ipsam sequi.', 57, 'Yost Inc', '7', '5133020917278683', 2005, 'en', '\"18+\"', '2016-06-28 09:02:39', '2020-05-12 19:59:30');
INSERT INTO `books` (`id`, `name`, `media_id`, `author`, `description`, `series_id`, `publisher`, `genres_id`, `isbn`, `publish_year`, `language`, `age`, `created_at`, `updated_at`) VALUES (34, 'dolores', 20, 'Maverick Cormier', 'Ipsa ut debitis nulla qui nostrum quia. Consectetur cupiditate amet voluptatem. Error doloremque est nesciunt nulla dignissimos doloribus numquam alias.', 0, 'Fahey PLC', '9', '348770628008385', 1974, 'it', '\"18+\"', '2015-05-20 04:37:45', '2021-01-16 08:35:29');
INSERT INTO `books` (`id`, `name`, `media_id`, `author`, `description`, `series_id`, `publisher`, `genres_id`, `isbn`, `publish_year`, `language`, `age`, `created_at`, `updated_at`) VALUES (35, 'voluptatibus', 42, 'Filomena Hegmann DDS', 'Sunt quis aut expedita vero saepe sint ipsa earum. Inventore at quod illum culpa incidunt voluptatem. Ut quas earum eos nemo molestiae corrupti.', 0, 'Haley-Larson', '9', '5246758578894928', 1988, 'fr', '\"16+\"', '2014-03-22 07:29:56', '2020-08-27 01:21:44');
INSERT INTO `books` (`id`, `name`, `media_id`, `author`, `description`, `series_id`, `publisher`, `genres_id`, `isbn`, `publish_year`, `language`, `age`, `created_at`, `updated_at`) VALUES (36, 'illo', 51, 'Aditya Rippin', 'Corporis voluptas velit eaque non est omnis incidunt. Ut ea similique voluptatibus provident corporis dignissimos qui. Tempora sunt aspernatur suscipit molestiae. Delectus hic minus aut repellat repellat quis dolore.', 94, 'Hills LLC', '6', '4485387276306', 2002, 'de', '\"18+\"', '2016-05-23 23:45:43', '2020-05-31 18:02:01');
INSERT INTO `books` (`id`, `name`, `media_id`, `author`, `description`, `series_id`, `publisher`, `genres_id`, `isbn`, `publish_year`, `language`, `age`, `created_at`, `updated_at`) VALUES (37, 'qui', 0, 'Mr. Silas Thiel', 'Blanditiis qui sit aut sint odit aperiam quaerat. Doloribus odit nihil sit et saepe temporibus. Necessitatibus laboriosam ut magni quo cupiditate quia qui. Id iusto omnis incidunt hic reiciendis quia.', 0, 'Armstrong LLC', '2', '4929322996660', 2003, 'it', '', '2019-03-02 22:13:21', '2020-08-14 05:07:01');
INSERT INTO `books` (`id`, `name`, `media_id`, `author`, `description`, `series_id`, `publisher`, `genres_id`, `isbn`, `publish_year`, `language`, `age`, `created_at`, `updated_at`) VALUES (38, 'necessitatibus', 34, 'Fiona Haley MD', 'Itaque ea aliquam alias voluptas odio tenetur sunt. Sunt quo et maxime. Facere rerum reiciendis quo optio modi.', 0, 'Weimann-Deckow', '7', '5329870672675102', 2020, 'de', '\"18+\"', '2012-06-18 23:21:58', '2020-04-18 18:36:26');
INSERT INTO `books` (`id`, `name`, `media_id`, `author`, `description`, `series_id`, `publisher`, `genres_id`, `isbn`, `publish_year`, `language`, `age`, `created_at`, `updated_at`) VALUES (39, 'sit', 0, 'Stewart Harris', 'Et nemo et cum in nihil. Voluptas deleniti repellendus non aut ipsa iste consequatur. Adipisci iste accusamus minus sit excepturi.', 86, 'Boehm-Grimes', '9', '5281874693594276', 2006, 'pt', '\"0+\"', '2012-12-03 14:17:29', '2020-12-28 22:47:31');
INSERT INTO `books` (`id`, `name`, `media_id`, `author`, `description`, `series_id`, `publisher`, `genres_id`, `isbn`, `publish_year`, `language`, `age`, `created_at`, `updated_at`) VALUES (40, 'sit', 0, 'Rogers Zulauf', 'Laborum quo aut nisi neque. Qui dolorem repellendus maiores esse aperiam. Quia qui sint repudiandae deleniti.', 76, 'Lubowitz Inc', '10', '4539353101188', 2020, 'pt', '', '2020-08-05 18:14:21', '2020-08-07 03:27:16');
INSERT INTO `books` (`id`, `name`, `media_id`, `author`, `description`, `series_id`, `publisher`, `genres_id`, `isbn`, `publish_year`, `language`, `age`, `created_at`, `updated_at`) VALUES (41, 'in', 94, 'Obie Roob Jr.', 'Omnis eos sed et eligendi provident. Et vel eum omnis officia.', 63, 'Beahan, Schimmel and Schulist', '9', '371200884326798', 1990, 'pt', '\"18+\"', '2015-08-02 19:25:40', '2021-03-13 03:29:07');
INSERT INTO `books` (`id`, `name`, `media_id`, `author`, `description`, `series_id`, `publisher`, `genres_id`, `isbn`, `publish_year`, `language`, `age`, `created_at`, `updated_at`) VALUES (42, 'sequi', 0, 'Prof. Marcella Mertz', 'Ut et deserunt sequi eos similique. Quis qui eius omnis officiis distinctio autem quas. Tempore ut similique velit consequatur exercitationem in iure quod.', 0, 'Boyer, Heller and Schaden', '3', '5106034579065428', 2013, 'pt', '\"16+\"', '2015-05-26 21:28:44', '2020-06-05 23:05:40');
INSERT INTO `books` (`id`, `name`, `media_id`, `author`, `description`, `series_id`, `publisher`, `genres_id`, `isbn`, `publish_year`, `language`, `age`, `created_at`, `updated_at`) VALUES (43, 'quod', 47, 'Americo Hammes', 'Perspiciatis autem facere voluptatum aut accusamus animi in. Totam debitis perspiciatis nisi laborum. Aut vitae a et. Nulla dicta laborum repellendus in et eveniet repellat.', 62, 'Stroman Inc', '8', '5195094976881933', 1971, 'es', '', '2016-09-23 17:14:13', '2020-03-31 12:53:46');
INSERT INTO `books` (`id`, `name`, `media_id`, `author`, `description`, `series_id`, `publisher`, `genres_id`, `isbn`, `publish_year`, `language`, `age`, `created_at`, `updated_at`) VALUES (44, 'cum', 90, 'Cary Greenfelder', 'Ut dolorum voluptatibus quod sint. Repellendus ab voluptatem sapiente commodi eum aut.', 79, 'Rohan LLC', '6', '4929443923845671', 1970, 'it', '', '2013-08-05 21:29:31', '2020-08-17 17:42:35');
INSERT INTO `books` (`id`, `name`, `media_id`, `author`, `description`, `series_id`, `publisher`, `genres_id`, `isbn`, `publish_year`, `language`, `age`, `created_at`, `updated_at`) VALUES (45, 'commodi', 81, 'Damon Bosco Sr.', 'Harum hic cumque quia. Voluptatem tempore molestias enim animi unde iste esse voluptatem. Vero rem deleniti debitis rerum debitis vero non.', 0, 'Gusikowski, Langworth and Kuhn', '2', '5563559348227548', 1979, 'ru', '', '2013-04-08 08:55:13', '2020-09-13 21:35:22');
INSERT INTO `books` (`id`, `name`, `media_id`, `author`, `description`, `series_id`, `publisher`, `genres_id`, `isbn`, `publish_year`, `language`, `age`, `created_at`, `updated_at`) VALUES (46, 'quos', 111, 'Christian Lueilwitz', 'A magni labore dolores ut expedita eaque eos. Tempora repellendus ratione pariatur. Rerum aut minima et labore velit quia voluptatem. Minus qui dicta recusandae ab excepturi sed error.', 0, 'Hahn, Gottlieb and Hettinger', '6', '4916608987509825', 2013, 'en', '\"18+\"', '2014-12-16 01:56:13', '2020-04-17 17:25:07');
INSERT INTO `books` (`id`, `name`, `media_id`, `author`, `description`, `series_id`, `publisher`, `genres_id`, `isbn`, `publish_year`, `language`, `age`, `created_at`, `updated_at`) VALUES (47, 'architecto', 56, 'Prof. Julianne Casper IV', 'Eveniet quaerat ipsam consequuntur perferendis dignissimos ea mollitia. Sint eligendi repudiandae blanditiis at quas aliquam aliquid. Facilis dolorum ratione impedit.', 8, 'Emard LLC', '2', '376616039859859', 2007, 'pt', '\"0+\"', '2014-01-21 16:18:15', '2020-08-23 08:32:47');
INSERT INTO `books` (`id`, `name`, `media_id`, `author`, `description`, `series_id`, `publisher`, `genres_id`, `isbn`, `publish_year`, `language`, `age`, `created_at`, `updated_at`) VALUES (48, 'est', 99, 'Rozella Kozey Jr.', 'Doloribus cupiditate repellendus cumque. Ipsa id facere eaque cupiditate iure odio. Voluptatem voluptatem ex et. Labore voluptas temporibus quia.', 0, 'Graham PLC', '1', '376823475127481', 1980, 'de', '\"3+\"', '2016-08-30 03:48:22', '2020-10-14 01:20:44');
INSERT INTO `books` (`id`, `name`, `media_id`, `author`, `description`, `series_id`, `publisher`, `genres_id`, `isbn`, `publish_year`, `language`, `age`, `created_at`, `updated_at`) VALUES (49, 'et', 75, 'Prof. Maxwell Lakin I', 'Dolor ut atque ut qui ut excepturi rem. Ut magni fuga voluptas commodi sequi doloremque illo. Ipsum nesciunt illo in voluptatem labore. Fugiat est repudiandae architecto.', 33, 'Hilll Ltd', '5', '374611854102276', 2016, 'es', '\"3+\"', '2016-03-10 21:53:06', '2020-08-31 06:27:25');
INSERT INTO `books` (`id`, `name`, `media_id`, `author`, `description`, `series_id`, `publisher`, `genres_id`, `isbn`, `publish_year`, `language`, `age`, `created_at`, `updated_at`) VALUES (50, 'quae', 0, 'Johann Abshire', 'Quia veniam aperiam vitae enim est voluptates dolor beatae. Eos saepe deleniti cum est fugiat. Blanditiis optio odio necessitatibus nam. Saepe tempore maxime iusto.', 0, 'McKenzie Ltd', '10', '4532133067089058', 1998, 'cn', '\"16+\"', '2014-07-29 03:40:41', '2021-03-10 05:12:32');
INSERT INTO `books` (`id`, `name`, `media_id`, `author`, `description`, `series_id`, `publisher`, `genres_id`, `isbn`, `publish_year`, `language`, `age`, `created_at`, `updated_at`) VALUES (51, 'ipsa', 0, 'Angela Emard PhD', 'Quisquam totam in amet dignissimos. Et rem cum error voluptates cumque dolorum et. Odio inventore quia debitis. Laborum error ut sunt ut qui voluptates. Ipsa enim minus velit dignissimos fuga.', 36, 'Hammes and Sons', '1', '4539925516104142', 1999, 'pt', '\"0+\"', '2011-04-23 18:41:35', '2020-08-27 16:27:25');
INSERT INTO `books` (`id`, `name`, `media_id`, `author`, `description`, `series_id`, `publisher`, `genres_id`, `isbn`, `publish_year`, `language`, `age`, `created_at`, `updated_at`) VALUES (52, 'nihil', 6, 'Eryn Conroy', 'Ea dignissimos ratione culpa provident. Repellat voluptatem saepe sit ratione animi. Dignissimos et sint maiores.', 22, 'O\'Hara PLC', '9', '4532650727282703', 1995, 'es', '\"12+\"', '2014-09-28 11:48:28', '2020-09-13 13:24:23');
INSERT INTO `books` (`id`, `name`, `media_id`, `author`, `description`, `series_id`, `publisher`, `genres_id`, `isbn`, `publish_year`, `language`, `age`, `created_at`, `updated_at`) VALUES (53, 'quo', 126, 'Hadley Lowe', 'Est omnis tempora laborum debitis. Omnis temporibus dolor rerum omnis. Sint non recusandae deserunt.', 0, 'McDermott, Farrell and King', '5', '4916916364752190', 1989, 'pt', '\"18+\"', '2014-03-01 20:51:29', '2020-04-07 19:59:06');
INSERT INTO `books` (`id`, `name`, `media_id`, `author`, `description`, `series_id`, `publisher`, `genres_id`, `isbn`, `publish_year`, `language`, `age`, `created_at`, `updated_at`) VALUES (54, 'amet', 47, 'Bill Bergstrom', 'Repellat at quo quia molestiae. Quis aut molestiae molestiae. Reiciendis sed ea voluptatem odio enim quidem ducimus. Dolores totam cum molestiae expedita eum.', 98, 'Dickens-Eichmann', '6', '5123625181130708', 1987, 'en', '\"12+\"', '2014-11-10 22:07:36', '2020-06-11 20:13:05');
INSERT INTO `books` (`id`, `name`, `media_id`, `author`, `description`, `series_id`, `publisher`, `genres_id`, `isbn`, `publish_year`, `language`, `age`, `created_at`, `updated_at`) VALUES (55, 'quaerat', 62, 'Mr. Filiberto Smith MD', 'Architecto autem sed in aliquam ea. Ipsa et saepe eligendi atque autem.', 64, 'Pfannerstill, Conn and Bins', '1', '4606178887100272', 1985, 'de', '', '2014-12-20 02:55:49', '2020-11-16 05:28:25');
INSERT INTO `books` (`id`, `name`, `media_id`, `author`, `description`, `series_id`, `publisher`, `genres_id`, `isbn`, `publish_year`, `language`, `age`, `created_at`, `updated_at`) VALUES (56, 'eos', 54, 'Prof. Arlie Price', 'Molestiae eum fuga sequi. Perspiciatis esse quia et ea dolore qui nisi eos. Odit quidem veritatis ab. Suscipit deserunt dolor tenetur at. Impedit aspernatur sed voluptatem nisi rerum et.', 48, 'Hermann Inc', '3', '5490064348183245', 1974, 'cn', '\"12+\"', '2015-05-31 20:50:35', '2020-10-24 15:15:56');
INSERT INTO `books` (`id`, `name`, `media_id`, `author`, `description`, `series_id`, `publisher`, `genres_id`, `isbn`, `publish_year`, `language`, `age`, `created_at`, `updated_at`) VALUES (57, 'reiciendis', 126, 'Cecil Cormier', 'Aperiam harum expedita ex qui sunt et autem repudiandae. Quia impedit reprehenderit magnam quia non dolorem. Culpa nihil error reiciendis ut. Repudiandae sequi omnis id voluptatem exercitationem.', 0, 'Lynch-Johnston', '1', '5505063209478084', 1975, 'cn', '\"18+\"', '2020-06-25 11:50:44', '2021-02-09 07:26:32');
INSERT INTO `books` (`id`, `name`, `media_id`, `author`, `description`, `series_id`, `publisher`, `genres_id`, `isbn`, `publish_year`, `language`, `age`, `created_at`, `updated_at`) VALUES (58, 'aliquid', 0, 'Dr. Thaddeus Smith MD', 'Sed neque corrupti veniam non eius repellat. Et molestiae consequuntur molestias. Natus libero debitis voluptas corrupti.', 0, 'Bosco-Reinger', '9', '5118096508321882', 1999, 'en', '\"16+\"', '2013-05-05 16:08:10', '2020-06-11 14:12:49');
INSERT INTO `books` (`id`, `name`, `media_id`, `author`, `description`, `series_id`, `publisher`, `genres_id`, `isbn`, `publish_year`, `language`, `age`, `created_at`, `updated_at`) VALUES (59, 'beatae', 9, 'Miss Rahsaan Legros', 'Fugiat excepturi vero harum et provident omnis. Et modi et qui similique totam autem. Rerum vero et illum voluptate eum iste eum.', 0, 'Jacobs Ltd', '1', '4556045294393342', 2013, 'it', '\"18+\"', '2017-05-27 06:12:22', '2020-09-26 07:23:54');
INSERT INTO `books` (`id`, `name`, `media_id`, `author`, `description`, `series_id`, `publisher`, `genres_id`, `isbn`, `publish_year`, `language`, `age`, `created_at`, `updated_at`) VALUES (60, 'et', 0, 'Prof. Crawford Smith IV', 'Et eos sapiente nemo dignissimos neque temporibus iste. Omnis magnam quibusdam numquam eum repellendus. Veritatis repellendus eveniet atque modi ea esse. Sit doloribus consequatur maiores magnam. Odit fugiat non debitis similique sed aliquid voluptatem.', 0, 'Blick-Windler', '9', '5455521134328844', 2014, 'en', '\"3+\"', '2016-02-28 21:55:52', '2021-02-26 23:35:15');
INSERT INTO `books` (`id`, `name`, `media_id`, `author`, `description`, `series_id`, `publisher`, `genres_id`, `isbn`, `publish_year`, `language`, `age`, `created_at`, `updated_at`) VALUES (61, 'harum', 0, 'Tod Leffler DDS', 'Error quidem exercitationem ad enim sed eum atque. Sed ratione esse sequi aut iure. Et velit qui possimus illo.', 0, 'Reichel Ltd', '9', '4532624220644', 1973, 'fr', '\"12+\"', '2019-07-01 02:36:34', '2020-05-10 03:27:08');
INSERT INTO `books` (`id`, `name`, `media_id`, `author`, `description`, `series_id`, `publisher`, `genres_id`, `isbn`, `publish_year`, `language`, `age`, `created_at`, `updated_at`) VALUES (62, 'atque', 0, 'Serena Emmerich Sr.', 'Expedita veritatis laborum ipsa nihil ut voluptatem quae. Neque molestiae illo nobis facilis ad cum. Ea earum ullam et ullam. Quis maiores doloremque incidunt iure.', 14, 'Gleichner and Sons', '8', '5542431915915803', 2016, 'pt', '\"0+\"', '2019-08-30 16:58:30', '2020-05-29 16:09:18');
INSERT INTO `books` (`id`, `name`, `media_id`, `author`, `description`, `series_id`, `publisher`, `genres_id`, `isbn`, `publish_year`, `language`, `age`, `created_at`, `updated_at`) VALUES (63, 'in', 0, 'Marcelina Rolfson', 'Enim et fugit eos aut aut aut. Magni sed doloremque veniam sit. Consequatur vitae eius asperiores assumenda possimus dolor. Exercitationem est ducimus sequi culpa eum magni.', 0, 'Jakubowski, Yundt and Roberts', '1', '4929235332975163', 1974, 'it', '\"12+\"', '2020-09-26 20:16:54', '2020-11-24 14:19:47');
INSERT INTO `books` (`id`, `name`, `media_id`, `author`, `description`, `series_id`, `publisher`, `genres_id`, `isbn`, `publish_year`, `language`, `age`, `created_at`, `updated_at`) VALUES (64, 'aliquid', 95, 'Florian Runte', 'Voluptatem ipsam et a in molestiae. Similique quae aliquam at. Inventore eligendi sed est quis saepe. Autem voluptatem sit blanditiis consequatur autem dolorem quo. Odio aut velit occaecati voluptate veniam sequi provident.', 0, 'Barton Group', '6', '5443309999668670', 2010, 'de', '\"16+\"', '2018-06-12 22:38:30', '2020-07-19 05:11:54');
INSERT INTO `books` (`id`, `name`, `media_id`, `author`, `description`, `series_id`, `publisher`, `genres_id`, `isbn`, `publish_year`, `language`, `age`, `created_at`, `updated_at`) VALUES (65, 'tenetur', 104, 'Camylle Von', 'Commodi qui in omnis doloremque sed. Nobis explicabo neque corrupti nostrum. Libero voluptatem earum veniam possimus amet. Ut veniam deleniti aut consequatur animi quia.', 0, 'Hackett, Blanda and Cole', '4', '6011417808567484', 2014, 'de', '\"16+\"', '2014-06-18 06:08:34', '2021-01-12 02:41:03');
INSERT INTO `books` (`id`, `name`, `media_id`, `author`, `description`, `series_id`, `publisher`, `genres_id`, `isbn`, `publish_year`, `language`, `age`, `created_at`, `updated_at`) VALUES (66, 'temporibus', 0, 'Corene Satterfield', 'Architecto et molestiae eum vel. Est laboriosam dolor eum officia. Temporibus sed omnis quia. Fuga eligendi inventore quo maiores. Autem voluptatibus quaerat doloremque non quia.', 0, 'Jast, Huel and Pfannerstill', '3', '4485801970509542', 2000, 'ru', '\"12+\"', '2011-09-21 02:09:43', '2020-10-27 18:38:24');
INSERT INTO `books` (`id`, `name`, `media_id`, `author`, `description`, `series_id`, `publisher`, `genres_id`, `isbn`, `publish_year`, `language`, `age`, `created_at`, `updated_at`) VALUES (67, 'dolores', 119, 'Antonina Quitzon', 'Sed commodi cumque necessitatibus ipsam excepturi. Placeat sunt id libero quae et incidunt dolores. Porro earum distinctio cumque deleniti doloribus.', 0, 'Beahan-Russel', '9', '4024007117756689', 1997, 'es', '\"12+\"', '2014-02-20 12:39:32', '2021-02-18 05:40:21');
INSERT INTO `books` (`id`, `name`, `media_id`, `author`, `description`, `series_id`, `publisher`, `genres_id`, `isbn`, `publish_year`, `language`, `age`, `created_at`, `updated_at`) VALUES (68, 'voluptatum', 92, 'Mrs. Malika Fadel I', 'Sed excepturi et ut magni nemo unde. Est debitis magni alias consequatur praesentium et. Officia sint laborum aut facere illo. Quas sequi laboriosam voluptatem minima qui optio.', 0, 'Ritchie Inc', '10', '5519529013311073', 1984, 'fr', '\"18+\"', '2013-06-30 16:46:35', '2020-10-22 15:16:56');
INSERT INTO `books` (`id`, `name`, `media_id`, `author`, `description`, `series_id`, `publisher`, `genres_id`, `isbn`, `publish_year`, `language`, `age`, `created_at`, `updated_at`) VALUES (69, 'totam', 136, 'Felicita Reinger', 'Recusandae voluptatem sapiente dolores corrupti ipsam earum consequuntur. Rem ad ipsa molestias laudantium et corrupti nam. Suscipit ut enim quas consequatur labore et tenetur molestiae.', 0, 'Rohan Group', '8', '4485158679025366', 1982, 'en', '\"16+\"', '2018-10-05 20:34:56', '2020-03-31 00:21:16');
INSERT INTO `books` (`id`, `name`, `media_id`, `author`, `description`, `series_id`, `publisher`, `genres_id`, `isbn`, `publish_year`, `language`, `age`, `created_at`, `updated_at`) VALUES (70, 'amet', 146, 'Triston Donnelly', 'Quia magni aut quia exercitationem. Officia consectetur qui et provident qui recusandae.', 55, 'Turner, Mante and Conroy', '4', '4916773000155881', 1977, 'en', '\"3+\"', '2015-01-27 16:41:45', '2020-11-03 13:57:06');
INSERT INTO `books` (`id`, `name`, `media_id`, `author`, `description`, `series_id`, `publisher`, `genres_id`, `isbn`, `publish_year`, `language`, `age`, `created_at`, `updated_at`) VALUES (71, 'voluptas', 144, 'Raheem McCullough MD', 'Voluptatibus laborum commodi voluptatibus laudantium minima. Aut incidunt magnam rerum eum et animi molestiae. Et quis et et provident quam incidunt quia. Illo quia dolorem eligendi consequatur modi est.', 6, 'Muller Group', '10', '4485881880703', 1981, 'de', '\"12+\"', '2012-07-18 12:09:28', '2020-10-04 08:12:35');
INSERT INTO `books` (`id`, `name`, `media_id`, `author`, `description`, `series_id`, `publisher`, `genres_id`, `isbn`, `publish_year`, `language`, `age`, `created_at`, `updated_at`) VALUES (72, 'perferendis', 106, 'Rachael Lakin', 'Molestiae soluta possimus iste dolor. Nobis rem eos atque doloribus cupiditate autem. Inventore quo ratione dolorem amet. Maiores dolorum ratione nam error eos maiores iure. Ratione omnis eum nemo velit eos voluptatem necessitatibus dolorem.', 0, 'Herzog, Ankunding and Nader', '8', '4532642807909998', 2000, 'it', '\"12+\"', '2014-03-14 18:30:21', '2021-01-04 21:38:58');
INSERT INTO `books` (`id`, `name`, `media_id`, `author`, `description`, `series_id`, `publisher`, `genres_id`, `isbn`, `publish_year`, `language`, `age`, `created_at`, `updated_at`) VALUES (73, 'et', 146, 'Wilford Okuneva', 'Repudiandae et laborum consectetur a debitis. Saepe quisquam enim aut quae. Illum sunt molestiae facilis voluptatem praesentium omnis.', 65, 'Wiza, Hartmann and Waelchi', '10', '4485844363206', 1997, 'pt', '\"3+\"', '2013-11-22 11:18:59', '2020-05-15 00:25:30');
INSERT INTO `books` (`id`, `name`, `media_id`, `author`, `description`, `series_id`, `publisher`, `genres_id`, `isbn`, `publish_year`, `language`, `age`, `created_at`, `updated_at`) VALUES (74, 'ut', 0, 'Dr. Brisa Glover Sr.', 'Ad ullam commodi voluptas voluptas atque eos atque. Exercitationem occaecati aliquam tempore vel amet. Tempora ipsa molestias autem ex tempore. Dolor tempora et vel voluptas suscipit et tempora sint.', 37, 'Breitenberg, Gaylord and Romaguera', '6', '5526408853532667', 2014, 'en', '\"12+\"', '2015-06-27 12:15:05', '2020-05-16 12:29:12');
INSERT INTO `books` (`id`, `name`, `media_id`, `author`, `description`, `series_id`, `publisher`, `genres_id`, `isbn`, `publish_year`, `language`, `age`, `created_at`, `updated_at`) VALUES (75, 'beatae', 0, 'Prof. Izaiah Gorczany III', 'Amet accusamus sint et numquam aperiam reiciendis qui nisi. Alias quia nulla consequatur rem nihil voluptas perferendis. Fuga dolor dolorem consectetur at. Minus eveniet et nesciunt molestiae laudantium.', 0, 'Von-Homenick', '5', '5392188370335829', 1970, 'pt', '\"18+\"', '2012-08-27 02:33:37', '2021-02-09 04:39:17');
INSERT INTO `books` (`id`, `name`, `media_id`, `author`, `description`, `series_id`, `publisher`, `genres_id`, `isbn`, `publish_year`, `language`, `age`, `created_at`, `updated_at`) VALUES (76, 'rerum', 65, 'Ryley Kuhn', 'Deserunt ducimus voluptas voluptates. Possimus consectetur est quod iste dolorem officiis. Ut placeat vel explicabo et. Nesciunt commodi autem ducimus vel quo.', 0, 'Hoppe-Dare', '10', '5356283611666082', 1987, 'ru', '', '2014-07-25 16:19:07', '2020-10-19 02:42:26');
INSERT INTO `books` (`id`, `name`, `media_id`, `author`, `description`, `series_id`, `publisher`, `genres_id`, `isbn`, `publish_year`, `language`, `age`, `created_at`, `updated_at`) VALUES (77, 'quia', 9, 'Audie Kuhic', 'Sed omnis perferendis molestiae vitae et id. Ut adipisci possimus ut vitae dolorum incidunt fuga. Et eligendi porro qui et quo tempore. Molestiae neque quo at omnis.', 6, 'Reichel-Tromp', '7', '4929333758654', 1974, 'es', '\"3+\"', '2015-12-05 17:34:35', '2020-09-20 08:06:36');
INSERT INTO `books` (`id`, `name`, `media_id`, `author`, `description`, `series_id`, `publisher`, `genres_id`, `isbn`, `publish_year`, `language`, `age`, `created_at`, `updated_at`) VALUES (78, 'iusto', 6, 'Garrison Hackett', 'Repellendus voluptatem quia iusto incidunt qui similique. Facilis voluptatem dolore et ipsam qui. Et cum enim voluptates nisi sunt. Qui amet qui ut asperiores animi sapiente. Est rerum in quis aut.', 64, 'Kilback, Stiedemann and Davis', '9', '4024007179356', 2019, 'cn', '\"16+\"', '2018-06-23 03:54:35', '2020-06-19 07:34:57');
INSERT INTO `books` (`id`, `name`, `media_id`, `author`, `description`, `series_id`, `publisher`, `genres_id`, `isbn`, `publish_year`, `language`, `age`, `created_at`, `updated_at`) VALUES (79, 'est', 0, 'Prof. Rickie Mertz Jr.', 'Dicta vitae voluptas optio id nam qui veniam. Dicta ab eos temporibus. Porro tempora consequuntur fugiat cumque blanditiis.', 45, 'Kautzer, Konopelski and Koch', '10', '4183044802337', 2013, 'cn', '\"0+\"', '2018-03-10 08:49:09', '2020-08-25 21:03:55');
INSERT INTO `books` (`id`, `name`, `media_id`, `author`, `description`, `series_id`, `publisher`, `genres_id`, `isbn`, `publish_year`, `language`, `age`, `created_at`, `updated_at`) VALUES (80, 'voluptate', 0, 'Arthur Heathcote', 'Doloribus qui similique qui harum distinctio. Ut sunt et ex iure nemo nulla id. Doloremque repudiandae et earum aut. Omnis qui odio repellat voluptatem deserunt.', 89, 'Feil, Bode and Hegmann', '6', '4929333940898373', 1978, 'it', '\"18+\"', '2012-10-06 16:01:25', '2020-09-07 07:21:13');
INSERT INTO `books` (`id`, `name`, `media_id`, `author`, `description`, `series_id`, `publisher`, `genres_id`, `isbn`, `publish_year`, `language`, `age`, `created_at`, `updated_at`) VALUES (81, 'provident', 0, 'Annalise Kihn', 'Unde ut aut natus similique perspiciatis. Et maxime dolorem nisi. Laboriosam ratione dolorum est. Voluptatibus praesentium aut adipisci voluptas maiores.', 0, 'Reichel Inc', '6', '5439434544873796', 2008, 'es', '', '2016-06-06 21:53:23', '2021-02-16 01:29:47');
INSERT INTO `books` (`id`, `name`, `media_id`, `author`, `description`, `series_id`, `publisher`, `genres_id`, `isbn`, `publish_year`, `language`, `age`, `created_at`, `updated_at`) VALUES (82, 'vero', 0, 'Prof. Alexie Von III', 'Sint iusto repellat eaque. Dolores sapiente blanditiis aut veritatis. Nemo quidem et ipsa quam natus placeat. Velit corrupti earum non sed ut expedita.', 0, 'Mueller Ltd', '1', '6011199725176897', 2010, 'ru', '\"0+\"', '2015-03-01 16:37:36', '2021-01-28 13:54:57');
INSERT INTO `books` (`id`, `name`, `media_id`, `author`, `description`, `series_id`, `publisher`, `genres_id`, `isbn`, `publish_year`, `language`, `age`, `created_at`, `updated_at`) VALUES (83, 'ab', 100, 'Ms. Orie Feil', 'Sunt nam ut aspernatur nulla sit quaerat aspernatur et. Quam distinctio totam amet labore. Atque maxime fuga iste adipisci quasi quia. Sint iure vel autem ut sed distinctio.', 0, 'Zboncak, Haley and Wintheiser', '4', '6011024289926510', 2009, 'ru', '\"18+\"', '2018-07-22 07:03:04', '2020-07-28 02:14:23');
INSERT INTO `books` (`id`, `name`, `media_id`, `author`, `description`, `series_id`, `publisher`, `genres_id`, `isbn`, `publish_year`, `language`, `age`, `created_at`, `updated_at`) VALUES (84, 'fugiat', 0, 'Prof. Wilford Schinner', 'Quo quisquam voluptates tempora non et ad rerum. Consequatur velit sit totam totam. Id quia molestias molestiae repellat odit.', 0, 'Jerde Group', '8', '5321194372361679', 2017, 'es', '\"18+\"', '2018-07-08 08:21:22', '2021-01-05 20:18:08');
INSERT INTO `books` (`id`, `name`, `media_id`, `author`, `description`, `series_id`, `publisher`, `genres_id`, `isbn`, `publish_year`, `language`, `age`, `created_at`, `updated_at`) VALUES (85, 'qui', 0, 'Tania Nader', 'Voluptatibus odio consequuntur officia a qui repellendus. Ex provident saepe praesentium laudantium ad vel quo dolores. At quam voluptatem enim vitae quis eum.', 0, 'Weimann, Mayert and Eichmann', '1', '376662341102342', 1986, 'it', '', '2011-04-29 16:19:20', '2020-11-09 05:20:18');
INSERT INTO `books` (`id`, `name`, `media_id`, `author`, `description`, `series_id`, `publisher`, `genres_id`, `isbn`, `publish_year`, `language`, `age`, `created_at`, `updated_at`) VALUES (86, 'aut', 29, 'Nicolette Wuckert', 'Odio in earum animi repudiandae molestiae sapiente. Repellat aut tenetur libero doloribus et quia. Consequatur alias possimus amet ipsa vitae accusamus dolores inventore.', 0, 'Tillman, Kuhic and Pagac', '1', '4556637677530085', 1983, 'cn', '\"16+\"', '2013-12-17 15:31:13', '2021-03-17 10:44:39');
INSERT INTO `books` (`id`, `name`, `media_id`, `author`, `description`, `series_id`, `publisher`, `genres_id`, `isbn`, `publish_year`, `language`, `age`, `created_at`, `updated_at`) VALUES (87, 'eius', 0, 'Dr. Robin Goodwin', 'Eveniet tempore facilis incidunt est. Rerum aspernatur corporis maiores. Eius est quia recusandae eos soluta. Dolor velit sit at hic.', 55, 'Denesik, Shields and Leffler', '2', '5218729662363032', 1989, 'fr', '\"0+\"', '2011-09-05 23:14:49', '2020-06-20 15:19:12');
INSERT INTO `books` (`id`, `name`, `media_id`, `author`, `description`, `series_id`, `publisher`, `genres_id`, `isbn`, `publish_year`, `language`, `age`, `created_at`, `updated_at`) VALUES (88, 'molestiae', 0, 'Grover Langosh', 'Et esse eligendi aut voluptas natus. Qui voluptatum est ipsam enim et hic soluta sed.', 0, 'Schamberger-Kiehn', '3', '5310075881678644', 1988, 'de', '\"12+\"', '2017-06-12 23:45:33', '2021-01-07 15:40:38');
INSERT INTO `books` (`id`, `name`, `media_id`, `author`, `description`, `series_id`, `publisher`, `genres_id`, `isbn`, `publish_year`, `language`, `age`, `created_at`, `updated_at`) VALUES (89, 'ratione', 73, 'Lexi Krajcik', 'Explicabo voluptas laborum ea velit quidem. Quo occaecati eaque facere fuga fuga vel.', 23, 'Wiza, Eichmann and Veum', '3', '5490749798598574', 2020, 'fr', '\"16+\"', '2017-10-20 20:20:55', '2020-05-06 22:19:02');
INSERT INTO `books` (`id`, `name`, `media_id`, `author`, `description`, `series_id`, `publisher`, `genres_id`, `isbn`, `publish_year`, `language`, `age`, `created_at`, `updated_at`) VALUES (90, 'nihil', 29, 'Angelina Koelpin Jr.', 'Adipisci molestias nihil ea odio aut rem. Perferendis reprehenderit accusantium at omnis occaecati voluptatem distinctio. Cumque fugit veniam eum quia. Animi veniam ut ipsum omnis.', 82, 'Pollich-Barrows', '5', '4517533749006310', 1982, 'fr', '\"0+\"', '2011-06-07 10:57:07', '2020-11-01 22:42:22');
INSERT INTO `books` (`id`, `name`, `media_id`, `author`, `description`, `series_id`, `publisher`, `genres_id`, `isbn`, `publish_year`, `language`, `age`, `created_at`, `updated_at`) VALUES (91, 'at', 147, 'Hal Leffler', 'Eveniet eligendi minima non ut voluptatibus autem. Error alias repellendus quae animi. Autem dolor inventore perferendis nam eaque molestiae.', 83, 'Pacocha, Ebert and Wunsch', '7', '4929655290082979', 1984, 'de', '\"0+\"', '2011-05-12 16:34:15', '2020-12-23 06:39:45');
INSERT INTO `books` (`id`, `name`, `media_id`, `author`, `description`, `series_id`, `publisher`, `genres_id`, `isbn`, `publish_year`, `language`, `age`, `created_at`, `updated_at`) VALUES (92, 'commodi', 106, 'Florencio Welch', 'Nam officiis dolores ducimus quo quod nihil quas. Rerum ut similique aut omnis id quidem sit. Earum nesciunt enim vitae.', 8, 'Kassulke, Metz and Romaguera', '2', '341048933164457', 1998, 'ru', '\"12+\"', '2013-05-24 17:12:05', '2021-03-03 08:17:58');
INSERT INTO `books` (`id`, `name`, `media_id`, `author`, `description`, `series_id`, `publisher`, `genres_id`, `isbn`, `publish_year`, `language`, `age`, `created_at`, `updated_at`) VALUES (93, 'eaque', 67, 'Prof. Dario Bode', 'Aut corporis officia quas qui enim exercitationem sed facilis. Sit commodi itaque blanditiis rerum officia. Ut totam omnis et illum consequatur. Qui ut quibusdam qui dignissimos sed quisquam est.', 88, 'Kiehn-Klocko', '6', '5387272128201293', 1976, 'it', '\"3+\"', '2018-10-27 11:04:17', '2021-01-25 18:52:30');
INSERT INTO `books` (`id`, `name`, `media_id`, `author`, `description`, `series_id`, `publisher`, `genres_id`, `isbn`, `publish_year`, `language`, `age`, `created_at`, `updated_at`) VALUES (94, 'consequuntur', 0, 'Nelle Maggio', 'Vero ex eligendi magni suscipit quo. Occaecati amet sed laboriosam dolores quidem. Eum iusto dignissimos eos consequatur praesentium ut earum.', 0, 'Gusikowski-Abshire', '2', '5374288584967109', 2018, 'es', '\"18+\"', '2011-08-14 18:44:04', '2021-02-01 20:31:22');
INSERT INTO `books` (`id`, `name`, `media_id`, `author`, `description`, `series_id`, `publisher`, `genres_id`, `isbn`, `publish_year`, `language`, `age`, `created_at`, `updated_at`) VALUES (95, 'odio', 0, 'Emil Cartwright', 'Beatae fuga officia ducimus voluptatem maiores voluptas sit labore. Fugit dolor dolorem at quia aliquam. Cupiditate illo velit vel repellendus quae voluptatem. Id aut laboriosam et et.', 0, 'Hermiston Ltd', '5', '6011512571219206', 1995, 'en', '\"12+\"', '2014-05-17 09:20:26', '2020-12-17 05:38:58');
INSERT INTO `books` (`id`, `name`, `media_id`, `author`, `description`, `series_id`, `publisher`, `genres_id`, `isbn`, `publish_year`, `language`, `age`, `created_at`, `updated_at`) VALUES (96, 'molestiae', 104, 'Furman Marks', 'Similique aliquid minus iure corrupti dolores. Nostrum quas quam dolorum maiores sint ullam. Qui dignissimos tempore libero voluptatibus.', 0, 'Satterfield-Koss', '7', '6011614457863231', 1986, 'pt', '\"0+\"', '2021-01-03 06:47:01', '2020-07-03 02:55:32');
INSERT INTO `books` (`id`, `name`, `media_id`, `author`, `description`, `series_id`, `publisher`, `genres_id`, `isbn`, `publish_year`, `language`, `age`, `created_at`, `updated_at`) VALUES (97, 'et', 0, 'Mr. Sanford Fisher', 'Voluptatem alias quia eos in est reprehenderit porro. Est dolores est laboriosam natus quibusdam odit officiis est. Et facilis optio ducimus et et.', 0, 'Orn, Veum and Price', '5', '5203374093485103', 1981, 'cn', '\"0+\"', '2019-03-02 18:37:26', '2020-08-04 13:22:16');
INSERT INTO `books` (`id`, `name`, `media_id`, `author`, `description`, `series_id`, `publisher`, `genres_id`, `isbn`, `publish_year`, `language`, `age`, `created_at`, `updated_at`) VALUES (98, 'voluptatem', 23, 'Joe Veum', 'Culpa temporibus velit ex quis quia. Animi sit explicabo rerum qui.', 0, 'Quitzon LLC', '9', '5298003798730309', 1995, 'it', '\"3+\"', '2020-06-28 07:47:37', '2021-03-02 16:18:45');
INSERT INTO `books` (`id`, `name`, `media_id`, `author`, `description`, `series_id`, `publisher`, `genres_id`, `isbn`, `publish_year`, `language`, `age`, `created_at`, `updated_at`) VALUES (99, 'temporibus', 0, 'Mr. Otto Medhurst DVM', 'Rerum dolorem magni quo iusto esse. Magni eius autem sunt qui debitis et. Aperiam similique ipsum voluptatum similique impedit eos. A eveniet enim doloremque autem debitis sed modi voluptas.', 75, 'Huels Group', '2', '5159754221764787', 1983, 'en', '\"0+\"', '2013-01-16 12:16:27', '2020-05-02 20:41:30');
INSERT INTO `books` (`id`, `name`, `media_id`, `author`, `description`, `series_id`, `publisher`, `genres_id`, `isbn`, `publish_year`, `language`, `age`, `created_at`, `updated_at`) VALUES (100, 'dolores', 0, 'Mr. Isadore Gorczany', 'Voluptatem ipsa dolor placeat unde sed odio. Eius veniam quaerat et odio at.', 18, 'Nitzsche-Turcotte', '2', '4916826693540', 1997, 'pt', '\"16+\"', '2018-05-29 11:24:45', '2020-09-23 20:52:55');


INSERT INTO `comments` (`id`, `book_id`, `user_id`, `body`, `created_at`, `updated_at`) VALUES (1, 94, 48, 'Rabbit began. Alice thought she might as well go back, and barking hoarsely all the right size, that it signifies much,\' she said to Alice, very much at this, she was now about a whiting before.\' \'I.', '2020-04-01 21:54:05', '2020-09-02 20:55:51');
INSERT INTO `comments` (`id`, `book_id`, `user_id`, `body`, `created_at`, `updated_at`) VALUES (2, 69, 17, 'Alice. \'Come on, then,\' said the King; and as the large birds complained that they would die. \'The trial cannot proceed,\' said the Hatter was out of breath, and till the puppy\'s bark sounded quite.', '2020-05-21 20:59:08', '2020-04-21 18:00:50');
INSERT INTO `comments` (`id`, `book_id`, `user_id`, `body`, `created_at`, `updated_at`) VALUES (3, 62, 19, 'All the time she saw maps and pictures hung upon pegs. She took down a very good advice, (though she very good-naturedly began hunting about for them, and then dipped suddenly down, so suddenly that.', '2021-02-02 09:43:26', '2020-10-03 17:56:05');
INSERT INTO `comments` (`id`, `book_id`, `user_id`, `body`, `created_at`, `updated_at`) VALUES (4, 16, 64, 'Alice again, for this time the Queen was in managing her flamingo: she succeeded in getting its body tucked away, comfortably enough, under her arm, with its wings. \'Serpent!\' screamed the Queen. \'I.', '2020-05-09 18:45:29', '2020-05-12 02:25:29');
INSERT INTO `comments` (`id`, `book_id`, `user_id`, `body`, `created_at`, `updated_at`) VALUES (5, 12, 61, 'Allow me to introduce some other subject of conversation. While she was surprised to see that she began shrinking directly. As soon as there was generally a ridge or furrow in the last word two or.', '2020-10-08 05:41:16', '2020-07-03 23:29:11');
INSERT INTO `comments` (`id`, `book_id`, `user_id`, `body`, `created_at`, `updated_at`) VALUES (6, 94, 8, 'However, she did not like the look of the legs of the bottle was NOT marked \'poison,\' it is I hate cats and dogs.\' It was the matter with it. There was a long sleep you\'ve had!\' \'Oh, I\'ve had such a.', '2020-12-21 07:08:25', '2020-10-06 08:54:47');
INSERT INTO `comments` (`id`, `book_id`, `user_id`, `body`, `created_at`, `updated_at`) VALUES (7, 15, 48, 'Duchess: you\'d better finish the story for yourself.\' \'No, please go on!\' Alice said with some surprise that the meeting adjourn, for the accident of the jury asked. \'That I can\'t quite follow it as.', '2020-05-30 13:44:18', '2021-03-15 01:13:06');
INSERT INTO `comments` (`id`, `book_id`, `user_id`, `body`, `created_at`, `updated_at`) VALUES (8, 76, 77, 'Alice went on, \'if you don\'t know one,\' said Alice, in a moment like a writing-desk?\' \'Come, we shall get on better.\' \'I\'d rather not,\' the Cat in a low, timid voice, \'If you can\'t help it,\' said.', '2020-08-21 23:48:01', '2020-08-13 04:25:48');
INSERT INTO `comments` (`id`, `book_id`, `user_id`, `body`, `created_at`, `updated_at`) VALUES (9, 2, 77, 'I have to whisper a hint to Time, and round Alice, every now and then; such as, \'Sure, I don\'t know,\' he went on so long that they couldn\'t get them out again. The rabbit-hole went straight on like.', '2021-02-03 05:57:56', '2020-11-16 11:34:50');
INSERT INTO `comments` (`id`, `book_id`, `user_id`, `body`, `created_at`, `updated_at`) VALUES (10, 65, 26, 'Queen said to live. \'I\'ve seen a good deal worse off than before, as the other.\' As soon as she could. \'The Dormouse is asleep again,\' said the Hatter. Alice felt so desperate that she was nine feet.', '2020-04-02 05:01:08', '2021-03-16 08:51:02');
INSERT INTO `comments` (`id`, `book_id`, `user_id`, `body`, `created_at`, `updated_at`) VALUES (11, 95, 12, 'This of course, to begin again, it was a different person then.\' \'Explain all that,\' he said to herself what such an extraordinary ways of living would be very likely it can be,\' said the Gryphon,.', '2020-07-23 18:59:18', '2020-06-30 02:11:27');
INSERT INTO `comments` (`id`, `book_id`, `user_id`, `body`, `created_at`, `updated_at`) VALUES (12, 94, 85, 'Normans--\" How are you thinking of?\' \'I beg your pardon!\' cried Alice in a great crash, as if nothing had happened. \'How am I to do?\' said Alice. \'I\'m glad I\'ve seen that done,\' thought Alice. \'I\'ve.', '2020-05-17 09:16:56', '2021-01-29 17:12:50');
INSERT INTO `comments` (`id`, `book_id`, `user_id`, `body`, `created_at`, `updated_at`) VALUES (13, 59, 25, 'And then, turning to Alice, and sighing. \'It IS the fun?\' said Alice. \'Oh, don\'t bother ME,\' said Alice in a thick wood. \'The first thing she heard something splashing about in the other: he came.', '2021-02-09 05:32:56', '2021-01-08 02:22:27');
INSERT INTO `comments` (`id`, `book_id`, `user_id`, `body`, `created_at`, `updated_at`) VALUES (14, 67, 51, 'My notion was that it would be only rustling in the middle. Alice kept her eyes filled with cupboards and book-shelves; here and there. There was a good many little girls in my own tears! That WILL.', '2020-10-09 17:04:53', '2020-12-03 13:59:08');
INSERT INTO `comments` (`id`, `book_id`, `user_id`, `body`, `created_at`, `updated_at`) VALUES (15, 6, 28, 'Alice. \'And be quick about it,\' said Alice a little glass table. \'Now, I\'ll manage better this time,\' she said to the game, the Queen said to herself, as usual. I wonder what I see\"!\' \'You might.', '2020-11-10 06:59:12', '2020-09-05 00:57:50');
INSERT INTO `comments` (`id`, `book_id`, `user_id`, `body`, `created_at`, `updated_at`) VALUES (16, 51, 39, 'Alice opened the door began sneezing all at once. The Dormouse slowly opened his eyes were nearly out of this elegant thimble\'; and, when it saw mine coming!\' \'How do you know the meaning of half.', '2021-02-11 21:12:01', '2020-05-03 18:23:42');
INSERT INTO `comments` (`id`, `book_id`, `user_id`, `body`, `created_at`, `updated_at`) VALUES (17, 25, 15, 'Alice asked. The Hatter shook his grey locks, \'I kept all my life!\' Just as she said this, she came upon a Gryphon, lying fast asleep in the act of crawling away: besides all this, there was mouth.', '2020-05-30 20:12:49', '2020-05-23 03:58:06');
INSERT INTO `comments` (`id`, `book_id`, `user_id`, `body`, `created_at`, `updated_at`) VALUES (18, 30, 15, 'In another moment down went Alice after it, never once considering how in the last words out loud, and the three were all talking at once, with a whiting. Now you know.\' \'And what an ignorant little.', '2020-11-20 10:20:39', '2020-10-05 10:06:53');
INSERT INTO `comments` (`id`, `book_id`, `user_id`, `body`, `created_at`, `updated_at`) VALUES (19, 39, 94, 'Ugh, Serpent!\' \'But I\'m NOT a serpent, I tell you, you coward!\' and at last came a rumbling of little cartwheels, and the Queen, and Alice, were in custody and under sentence of execution.\' \'What.', '2020-09-23 04:29:38', '2020-03-30 07:06:01');
INSERT INTO `comments` (`id`, `book_id`, `user_id`, `body`, `created_at`, `updated_at`) VALUES (20, 18, 98, 'Then she went hunting about, and shouting \'Off with their heads down and began to feel very sleepy and stupid), whether the blows hurt it or not. \'Oh, PLEASE mind what you\'re doing!\' cried Alice,.', '2020-06-23 00:18:06', '2020-06-09 00:18:01');
INSERT INTO `comments` (`id`, `book_id`, `user_id`, `body`, `created_at`, `updated_at`) VALUES (21, 8, 77, 'After a minute or two. \'They couldn\'t have wanted it much,\' said Alice, as she spoke, but no result seemed to be rude, so she went on, \'and most of \'em do.\' \'I don\'t see any wine,\' she remarked. \'It.', '2020-04-15 09:30:36', '2020-12-07 00:08:20');
INSERT INTO `comments` (`id`, `book_id`, `user_id`, `body`, `created_at`, `updated_at`) VALUES (22, 32, 78, 'I say--that\'s the same thing as \"I eat what I see\"!\' \'You might just as she passed; it was impossible to say it any longer than that,\' said the Duchess; \'I never could abide figures!\' And with that.', '2020-07-07 10:07:04', '2020-04-02 23:42:55');
INSERT INTO `comments` (`id`, `book_id`, `user_id`, `body`, `created_at`, `updated_at`) VALUES (23, 49, 81, 'After these came the royal children; there were three little sisters--they were learning to draw,\' the Dormouse turned out, and, by the fire, and at once set to work at once without waiting for the.', '2020-09-06 19:55:26', '2020-04-15 11:55:17');
INSERT INTO `comments` (`id`, `book_id`, `user_id`, `body`, `created_at`, `updated_at`) VALUES (24, 74, 15, 'Gryphon, before Alice could see, as they would go, and broke to pieces against one of them.\' In another moment it was over at last, and they walked off together, Alice heard the Queen was in March.\'.', '2020-10-29 13:38:01', '2020-10-15 15:58:24');
INSERT INTO `comments` (`id`, `book_id`, `user_id`, `body`, `created_at`, `updated_at`) VALUES (25, 8, 19, 'AND WASHING--extra.\"\' \'You couldn\'t have done just as if it thought that SOMEBODY ought to be nothing but out-of-the-way things had happened lately, that Alice could see her after the birds! Why,.', '2020-11-27 16:30:26', '2020-03-31 07:09:30');
INSERT INTO `comments` (`id`, `book_id`, `user_id`, `body`, `created_at`, `updated_at`) VALUES (26, 95, 48, 'Alice. \'You did,\' said the Cat: \'we\'re all mad here. I\'m mad. You\'re mad.\' \'How do you like the look of it altogether; but after a fashion, and this was her turn or not. So she stood looking at them.', '2020-06-16 02:51:56', '2020-04-11 05:09:22');
INSERT INTO `comments` (`id`, `book_id`, `user_id`, `body`, `created_at`, `updated_at`) VALUES (27, 41, 80, 'Hatter. \'I deny it!\' said the March Hare. \'Then it ought to be executed for having missed their turns, and she went back to the other side, the puppy began a series of short charges at the Cat\'s.', '2020-06-26 05:26:01', '2020-12-06 00:42:58');
INSERT INTO `comments` (`id`, `book_id`, `user_id`, `body`, `created_at`, `updated_at`) VALUES (28, 71, 54, 'THESE?\' said the Caterpillar contemptuously. \'Who are YOU?\' Which brought them back again to the confused clamour of the edge of the court. All this time she saw in my time, but never ONE with such.', '2021-03-03 11:29:36', '2020-07-16 02:32:12');
INSERT INTO `comments` (`id`, `book_id`, `user_id`, `body`, `created_at`, `updated_at`) VALUES (29, 87, 76, 'Hatter, \'you wouldn\'t talk about cats or dogs either, if you wouldn\'t squeeze so.\' said the Rabbit\'s voice; and the Queen, who had been to the Gryphon. Alice did not at all like the look of things.', '2020-07-23 14:39:20', '2020-04-25 23:39:03');
INSERT INTO `comments` (`id`, `book_id`, `user_id`, `body`, `created_at`, `updated_at`) VALUES (30, 69, 52, 'Alice caught the flamingo and brought it back, the fight was over, and both creatures hid their faces in their paws. \'And how do you know what they\'re about!\' \'Read them,\' said the Caterpillar.', '2020-06-17 05:17:32', '2020-06-27 09:06:43');
INSERT INTO `comments` (`id`, `book_id`, `user_id`, `body`, `created_at`, `updated_at`) VALUES (31, 100, 31, 'King said, for about the same thing a Lobster Quadrille is!\' \'No, indeed,\' said Alice. \'Why, you don\'t like them!\' When the Mouse was bristling all over, and both footmen, Alice noticed, had.', '2020-05-05 09:44:43', '2020-06-24 19:58:32');
INSERT INTO `comments` (`id`, `book_id`, `user_id`, `body`, `created_at`, `updated_at`) VALUES (32, 34, 15, 'Alice felt a little more conversation with her head!\' Those whom she sentenced were taken into custody by the time when I grow up, I\'ll write one--but I\'m grown up now,\' she said, \'than waste it in.', '2021-03-09 03:32:00', '2020-10-11 07:23:07');
INSERT INTO `comments` (`id`, `book_id`, `user_id`, `body`, `created_at`, `updated_at`) VALUES (33, 4, 75, 'III. A Caucus-Race and a crash of broken glass, from which she concluded that it might belong to one of them.\' In another minute the whole pack of cards!\' At this moment the King, who had been of.', '2020-11-11 23:53:28', '2020-09-27 21:51:09');
INSERT INTO `comments` (`id`, `book_id`, `user_id`, `body`, `created_at`, `updated_at`) VALUES (34, 94, 8, 'Next came an angry tone, \'Why, Mary Ann, what ARE you doing out here? Run home this moment, and fetch me a good way off, and she at once to eat some of the shelves as she spoke; \'either you or your.', '2020-08-06 20:49:44', '2020-10-12 18:29:27');
INSERT INTO `comments` (`id`, `book_id`, `user_id`, `body`, `created_at`, `updated_at`) VALUES (35, 72, 64, 'Jack-in-the-box, and up the conversation dropped, and the Queen say only yesterday you deserved to be afraid of them!\' \'And who are THESE?\' said the Caterpillar. \'Not QUITE right, I\'m afraid,\' said.', '2020-12-07 07:09:41', '2021-03-09 22:17:36');
INSERT INTO `comments` (`id`, `book_id`, `user_id`, `body`, `created_at`, `updated_at`) VALUES (36, 93, 97, 'I\'m afraid, sir\' said Alice, and sighing. \'It IS the same words as before, \'It\'s all about it!\' and he went on muttering over the list, feeling very glad that it would feel very queer to ME.\' \'You!\'.', '2020-03-21 09:29:53', '2020-07-21 18:27:11');
INSERT INTO `comments` (`id`, `book_id`, `user_id`, `body`, `created_at`, `updated_at`) VALUES (37, 34, 62, 'I\'ve got to?\' (Alice had no idea what Latitude or Longitude either, but thought they were mine before. If I or she fell very slowly, for she was quite silent for a good way off, and that in some.', '2020-09-20 02:28:01', '2020-07-06 06:18:50');
INSERT INTO `comments` (`id`, `book_id`, `user_id`, `body`, `created_at`, `updated_at`) VALUES (38, 67, 27, 'Duchess, \'and that\'s the jury-box,\' thought Alice, \'and those twelve creatures,\' (she was obliged to write with one finger pressed upon its nose. The Dormouse again took a great hurry. An enormous.', '2020-10-25 04:51:59', '2021-01-16 15:52:48');
INSERT INTO `comments` (`id`, `book_id`, `user_id`, `body`, `created_at`, `updated_at`) VALUES (39, 90, 59, 'But I\'ve got to see that queer little toss of her sister, as well say,\' added the Gryphon, and, taking Alice by the Queen was silent. The King laid his hand upon her face. \'Wake up, Dormouse!\' And.', '2020-08-09 03:16:16', '2020-10-21 04:30:05');
INSERT INTO `comments` (`id`, `book_id`, `user_id`, `body`, `created_at`, `updated_at`) VALUES (40, 86, 59, 'Alice was not a mile high,\' said Alice. \'Who\'s making personal remarks now?\' the Hatter replied. \'Of course not,\' Alice cautiously replied, not feeling at all a proper way of escape, and wondering.', '2020-08-15 19:16:52', '2021-03-09 12:00:04');
INSERT INTO `comments` (`id`, `book_id`, `user_id`, `body`, `created_at`, `updated_at`) VALUES (41, 88, 76, 'Alice. \'I\'ve tried every way, and then added them up, and there they lay sprawling about, reminding her very earnestly, \'Now, Dinah, tell me who YOU are, first.\' \'Why?\' said the Hatter, \'or you\'ll.', '2020-06-17 14:15:32', '2020-03-26 06:05:26');
INSERT INTO `comments` (`id`, `book_id`, `user_id`, `body`, `created_at`, `updated_at`) VALUES (42, 90, 50, 'Alice said very humbly; \'I won\'t have any rules in particular; at least, if there were TWO little shrieks, and more sounds of broken glass, from which she had caught the flamingo and brought it.', '2020-05-01 21:24:13', '2020-11-14 07:18:17');
INSERT INTO `comments` (`id`, `book_id`, `user_id`, `body`, `created_at`, `updated_at`) VALUES (43, 37, 34, 'GAVE HIM TWO--\" why, that must be a lesson to you never to lose YOUR temper!\' \'Hold your tongue, Ma!\' said the King, and the sounds will take care of themselves.\"\' \'How fond she is of yours.\"\' \'Oh,.', '2020-11-13 06:55:30', '2020-10-19 12:20:57');
INSERT INTO `comments` (`id`, `book_id`, `user_id`, `body`, `created_at`, `updated_at`) VALUES (44, 92, 67, 'Alice could see, as they lay sprawling about, reminding her very earnestly, \'Now, Dinah, tell me your history, you know,\' Alice gently remarked; \'they\'d have been changed for Mabel! I\'ll try if I.', '2021-03-10 04:12:40', '2020-07-04 10:47:13');
INSERT INTO `comments` (`id`, `book_id`, `user_id`, `body`, `created_at`, `updated_at`) VALUES (45, 93, 16, 'Duchess. \'I make you grow taller, and the cool fountains. CHAPTER VIII. The Queen\'s Croquet-Ground A large rose-tree stood near the entrance of the right-hand bit to try the effect: the next moment.', '2020-03-25 02:20:18', '2021-03-16 07:12:19');
INSERT INTO `comments` (`id`, `book_id`, `user_id`, `body`, `created_at`, `updated_at`) VALUES (46, 52, 34, 'March Hare, who had got its head down, and felt quite relieved to see the earth takes twenty-four hours to turn round on its axis--\' \'Talking of axes,\' said the Cat, \'or you wouldn\'t keep appearing.', '2020-10-05 11:50:32', '2020-08-11 17:48:13');
INSERT INTO `comments` (`id`, `book_id`, `user_id`, `body`, `created_at`, `updated_at`) VALUES (47, 77, 72, 'Suppress him! Pinch him! Off with his tea spoon at the other arm curled round her at the thought that SOMEBODY ought to tell me the list of singers. \'You may not have lived much under the window,.', '2020-07-18 01:03:29', '2020-07-15 02:18:08');
INSERT INTO `comments` (`id`, `book_id`, `user_id`, `body`, `created_at`, `updated_at`) VALUES (48, 88, 8, 'I can find them.\' As she said to herself, \'I don\'t quite understand you,\' she said, \'and see whether it\'s marked \"poison\" or not\'; for she thought, \'it\'s sure to kill it in large letters. It was the.', '2020-12-29 02:30:30', '2020-06-22 08:36:37');
INSERT INTO `comments` (`id`, `book_id`, `user_id`, `body`, `created_at`, `updated_at`) VALUES (49, 52, 13, 'I\'ve finished.\' So they went up to them she heard one of the doors of the words \'DRINK ME\' beautifully printed on it (as she had put on one knee. \'I\'m a poor man, your Majesty,\' said Two, in a more.', '2020-04-05 11:14:45', '2020-08-28 22:57:31');
INSERT INTO `comments` (`id`, `book_id`, `user_id`, `body`, `created_at`, `updated_at`) VALUES (50, 23, 48, 'Alice, \'it\'ll never do to hold it. As soon as there was nothing else to do, and perhaps after all it might belong to one of them can explain it,\' said the March Hare had just begun to dream that she.', '2020-08-02 00:56:37', '2020-04-19 09:09:45');
INSERT INTO `comments` (`id`, `book_id`, `user_id`, `body`, `created_at`, `updated_at`) VALUES (51, 99, 28, 'I wonder?\' As she said to the Dormouse, after thinking a minute or two. \'They couldn\'t have done that?\' she thought. \'But everything\'s curious today. I think I can kick a little!\' She drew her foot.', '2020-10-12 16:32:27', '2020-06-17 20:07:55');
INSERT INTO `comments` (`id`, `book_id`, `user_id`, `body`, `created_at`, `updated_at`) VALUES (52, 26, 2, 'Will you, won\'t you, won\'t you join the dance. So they had at the beginning,\' the King exclaimed, turning to the heads of the suppressed guinea-pigs, filled the air, mixed up with the end of the.', '2020-08-12 17:02:25', '2020-07-18 15:18:07');
INSERT INTO `comments` (`id`, `book_id`, `user_id`, `body`, `created_at`, `updated_at`) VALUES (53, 81, 29, 'I\'m pleased, and wag my tail when it\'s angry, and wags its tail about in the distance, screaming with passion. She had already heard her voice close to her lips. \'I know SOMETHING interesting is.', '2021-01-25 09:02:22', '2020-08-12 05:41:14');
INSERT INTO `comments` (`id`, `book_id`, `user_id`, `body`, `created_at`, `updated_at`) VALUES (54, 46, 77, 'I beg your acceptance of this ointment--one shilling the box-- Allow me to sell you a couple?\' \'You are all pardoned.\' \'Come, THAT\'S a good deal to ME,\' said Alice desperately: \'he\'s perfectly.', '2021-02-24 22:11:52', '2020-08-01 08:12:44');
INSERT INTO `comments` (`id`, `book_id`, `user_id`, `body`, `created_at`, `updated_at`) VALUES (55, 31, 43, 'They had a consultation about this, and she thought it would be like, \'--for they haven\'t got much evidence YET,\' she said to live. \'I\'ve seen hatters before,\' she said to herself, \'whenever I eat.', '2020-10-02 21:01:03', '2020-05-19 12:16:12');
INSERT INTO `comments` (`id`, `book_id`, `user_id`, `body`, `created_at`, `updated_at`) VALUES (56, 22, 2, 'Nile On every golden scale! \'How cheerfully he seems to suit them!\' \'I haven\'t opened it yet,\' said Alice; \'but a grin without a grin,\' thought Alice; \'only, as it\'s asleep, I suppose you\'ll be.', '2020-07-26 05:53:08', '2020-06-09 23:43:33');
INSERT INTO `comments` (`id`, `book_id`, `user_id`, `body`, `created_at`, `updated_at`) VALUES (57, 72, 10, 'The Queen had only one who had been to her, though, as they came nearer, Alice could think of anything else. CHAPTER V. Advice from a Caterpillar The Caterpillar and Alice joined the procession,.', '2020-12-05 10:23:22', '2020-11-12 11:25:38');
INSERT INTO `comments` (`id`, `book_id`, `user_id`, `body`, `created_at`, `updated_at`) VALUES (58, 5, 7, 'Gryphon, and the shrill voice of the cupboards as she leant against a buttercup to rest her chin upon Alice\'s shoulder, and it was not an encouraging tone. Alice looked round, eager to see it pop.', '2021-01-07 00:23:04', '2020-12-03 21:48:20');
INSERT INTO `comments` (`id`, `book_id`, `user_id`, `body`, `created_at`, `updated_at`) VALUES (59, 95, 23, 'Gryphon. \'Well, I hardly know--No more, thank ye; I\'m better now--but I\'m a hatter.\' Here the Dormouse say?\' one of its mouth open, gazing up into a pig, and she was shrinking rapidly; so she went.', '2020-10-30 22:50:12', '2020-07-11 07:57:20');
INSERT INTO `comments` (`id`, `book_id`, `user_id`, `body`, `created_at`, `updated_at`) VALUES (60, 24, 79, 'I hadn\'t to bring tears into her eyes--and still as she wandered about for some minutes. The Caterpillar and Alice heard the Rabbit say, \'A barrowful of WHAT?\' thought Alice; \'I must be really.', '2020-10-06 18:06:03', '2021-01-19 04:35:26');
INSERT INTO `comments` (`id`, `book_id`, `user_id`, `body`, `created_at`, `updated_at`) VALUES (61, 73, 91, 'Mabel! I\'ll try and say \"How doth the little--\"\' and she crossed her hands on her lap as if she were looking up into a pig, my dear,\' said Alice, who felt very lonely and low-spirited. In a minute.', '2020-08-21 11:46:44', '2021-01-14 20:20:36');
INSERT INTO `comments` (`id`, `book_id`, `user_id`, `body`, `created_at`, `updated_at`) VALUES (62, 47, 99, 'I almost think I can reach the key; and if I can remember feeling a little more conversation with her head!\' Alice glanced rather anxiously at the stick, and made another snatch in the lock, and to.', '2020-06-17 18:09:38', '2020-07-20 18:24:14');
INSERT INTO `comments` (`id`, `book_id`, `user_id`, `body`, `created_at`, `updated_at`) VALUES (63, 52, 16, 'HAVE you been doing here?\' \'May it please your Majesty!\' the Duchess sang the second time round, she came upon a low voice, to the jury, of course--\"I GAVE HER ONE, THEY GAVE HIM TWO--\" why, that.', '2020-07-05 19:38:37', '2020-05-05 22:57:06');
INSERT INTO `comments` (`id`, `book_id`, `user_id`, `body`, `created_at`, `updated_at`) VALUES (64, 11, 1, 'As she said to herself, \'Now, what am I to do?\' said Alice. \'Why, there they lay on the English coast you find a pleasure in all directions, tumbling up against each other; however, they got thrown.', '2020-05-02 20:10:36', '2020-06-06 17:25:10');
INSERT INTO `comments` (`id`, `book_id`, `user_id`, `body`, `created_at`, `updated_at`) VALUES (65, 88, 14, 'Alice again, for this time the Queen shrieked out. \'Behead that Dormouse! Turn that Dormouse out of the pack, she could not possibly reach it: she could not remember ever having heard of.', '2020-09-05 08:15:59', '2021-03-16 06:51:31');
INSERT INTO `comments` (`id`, `book_id`, `user_id`, `body`, `created_at`, `updated_at`) VALUES (66, 1, 19, 'Rabbit asked. \'No, I didn\'t,\' said Alice: \'--where\'s the Duchess?\' \'Hush! Hush!\' said the March Hare went \'Sh! sh!\' and the fan, and skurried away into the court, by the carrier,\' she thought; \'and.', '2020-09-22 06:07:29', '2020-08-17 01:41:00');
INSERT INTO `comments` (`id`, `book_id`, `user_id`, `body`, `created_at`, `updated_at`) VALUES (67, 7, 5, 'Come on!\' So they began running about in a solemn tone, only changing the order of the month, and doesn\'t tell what o\'clock it is!\' As she said to one of the court. All this time she had wept when.', '2021-02-13 17:54:49', '2020-10-28 22:27:05');
INSERT INTO `comments` (`id`, `book_id`, `user_id`, `body`, `created_at`, `updated_at`) VALUES (68, 81, 83, 'YOUR adventures.\' \'I could tell you my adventures--beginning from this side of WHAT?\' thought Alice; \'only, as it\'s asleep, I suppose it were white, but there were TWO little shrieks, and more.', '2020-11-13 01:47:16', '2021-01-22 20:15:49');
INSERT INTO `comments` (`id`, `book_id`, `user_id`, `body`, `created_at`, `updated_at`) VALUES (69, 92, 52, 'MINE.\' The Queen had ordered. They very soon finished off the subjects on his spectacles. \'Where shall I begin, please your Majesty?\' he asked. \'Begin at the Lizard in head downwards, and the little.', '2021-03-08 19:51:45', '2020-08-29 10:27:29');
INSERT INTO `comments` (`id`, `book_id`, `user_id`, `body`, `created_at`, `updated_at`) VALUES (70, 83, 57, 'Queen, pointing to Alice again. \'No, I give it up,\' Alice replied: \'what\'s the answer?\' \'I haven\'t opened it yet,\' said the youth, \'one would hardly suppose That your eye was as long as you say.', '2020-07-06 15:30:02', '2020-04-28 12:33:29');
INSERT INTO `comments` (`id`, `book_id`, `user_id`, `body`, `created_at`, `updated_at`) VALUES (71, 7, 64, 'Gryphon, and, taking Alice by the fire, licking her paws and washing her face--and she is such a thing as \"I eat what I like\"!\' \'You might just as she was saying, and the baby joined):-- \'Wow! wow!.', '2020-06-30 04:20:43', '2020-06-09 11:19:37');
INSERT INTO `comments` (`id`, `book_id`, `user_id`, `body`, `created_at`, `updated_at`) VALUES (72, 42, 15, 'I\'m never sure what I\'m going to be, from one minute to another! However, I\'ve got to?\' (Alice had been to her, though, as they lay on the trumpet, and called out, \'First witness!\' The first thing.', '2020-08-06 23:56:55', '2020-04-01 18:39:15');
INSERT INTO `comments` (`id`, `book_id`, `user_id`, `body`, `created_at`, `updated_at`) VALUES (73, 43, 98, 'Hare. \'Sixteenth,\' added the Queen. \'Can you play croquet?\' The soldiers were always getting up and rubbed its eyes: then it chuckled. \'What fun!\' said the Mock Turtle would be very likely true.).', '2020-11-09 09:51:50', '2020-09-30 16:28:05');
INSERT INTO `comments` (`id`, `book_id`, `user_id`, `body`, `created_at`, `updated_at`) VALUES (74, 18, 94, 'Hatter, \'or you\'ll be asleep again before it\'s done.\' \'Once upon a little glass box that was trickling down his face, as long as you are; secondly, because she was quite a long hookah, and taking.', '2020-08-12 08:44:54', '2020-04-12 02:12:11');
INSERT INTO `comments` (`id`, `book_id`, `user_id`, `body`, `created_at`, `updated_at`) VALUES (75, 9, 81, 'Turtle in a furious passion, and went on again:-- \'You may not have lived much under the circumstances. There was a very humble tone, going down on one knee as he said in a soothing tone: \'don\'t be.', '2020-08-04 02:42:53', '2021-02-04 07:50:13');
INSERT INTO `comments` (`id`, `book_id`, `user_id`, `body`, `created_at`, `updated_at`) VALUES (76, 82, 68, 'By the use of this elegant thimble\'; and, when it grunted again, so that her shoulders were nowhere to be treated with respect. \'Cheshire Puss,\' she began, rather timidly, saying to her ear. \'You\'re.', '2021-01-13 04:10:42', '2020-06-30 08:01:26');
INSERT INTO `comments` (`id`, `book_id`, `user_id`, `body`, `created_at`, `updated_at`) VALUES (77, 35, 94, 'Alice. \'Of course you don\'t!\' the Hatter went on, \'What\'s your name, child?\' \'My name is Alice, so please your Majesty!\' the soldiers shouted in reply. \'Idiot!\' said the voice. \'Fetch me my gloves.', '2020-03-21 06:39:19', '2020-03-29 00:51:58');
INSERT INTO `comments` (`id`, `book_id`, `user_id`, `body`, `created_at`, `updated_at`) VALUES (78, 93, 50, 'Alice replied very solemnly. Alice was not even get her head to keep back the wandering hair that curled all over their slates; \'but it seems to be sure, this generally happens when one eats cake,.', '2021-01-29 19:54:15', '2020-06-23 23:28:25');
INSERT INTO `comments` (`id`, `book_id`, `user_id`, `body`, `created_at`, `updated_at`) VALUES (79, 42, 51, 'King, and the party sat silent and looked anxiously round, to make SOME change in my life!\' Just as she could, and soon found an opportunity of showing off her head!\' the Queen left off, quite out.', '2021-02-19 08:21:36', '2020-11-25 15:06:11');
INSERT INTO `comments` (`id`, `book_id`, `user_id`, `body`, `created_at`, `updated_at`) VALUES (80, 66, 90, 'Queen. An invitation for the White Rabbit, who said in a melancholy tone. \'Nobody seems to suit them!\' \'I haven\'t opened it yet,\' said the Mock Turtle had just begun to think that there was a.', '2020-11-03 02:01:47', '2021-02-23 16:50:35');
INSERT INTO `comments` (`id`, `book_id`, `user_id`, `body`, `created_at`, `updated_at`) VALUES (81, 46, 14, 'Mock Turtle had just begun \'Well, of all her fancy, that: they never executes nobody, you know. Come on!\' So they couldn\'t get them out again. Suddenly she came upon a heap of sticks and dry leaves,.', '2021-01-06 00:02:35', '2020-10-07 18:13:50');
INSERT INTO `comments` (`id`, `book_id`, `user_id`, `body`, `created_at`, `updated_at`) VALUES (82, 7, 16, 'Queen. \'I never heard it say to itself in a shrill, passionate voice. \'Would YOU like cats if you like,\' said the Lory. Alice replied very readily: \'but that\'s because it stays the same as they were.', '2020-10-15 11:06:12', '2020-04-09 00:37:33');
INSERT INTO `comments` (`id`, `book_id`, `user_id`, `body`, `created_at`, `updated_at`) VALUES (83, 92, 96, 'I wonder?\' As she said to the other side. The further off from England the nearer is to give the hedgehog to, and, as the Lory positively refused to tell them something more. \'You promised to tell.', '2020-08-21 10:27:42', '2020-08-08 19:32:48');
INSERT INTO `comments` (`id`, `book_id`, `user_id`, `body`, `created_at`, `updated_at`) VALUES (84, 100, 94, 'CHAPTER IV. The Rabbit Sends in a whisper.) \'That would be worth the trouble of getting up and leave the court; but on second thoughts she decided on going into the earth. At last the Dodo could not.', '2020-12-30 22:18:31', '2020-05-25 14:06:12');
INSERT INTO `comments` (`id`, `book_id`, `user_id`, `body`, `created_at`, `updated_at`) VALUES (85, 35, 98, 'Alice, so please your Majesty?\' he asked. \'Begin at the beginning,\' the King said, for about the right distance--but then I wonder who will put on his spectacles and looked at the end of the.', '2020-04-11 00:32:37', '2021-02-13 15:08:40');
INSERT INTO `comments` (`id`, `book_id`, `user_id`, `body`, `created_at`, `updated_at`) VALUES (86, 90, 70, 'Hatter, and here the Mock Turtle replied; \'and then the Mock Turtle went on talking: \'Dear, dear! How queer everything is to-day! And yesterday things went on saying to herself as she left her,.', '2021-02-02 10:39:46', '2020-10-22 00:07:30');
INSERT INTO `comments` (`id`, `book_id`, `user_id`, `body`, `created_at`, `updated_at`) VALUES (87, 19, 95, 'Gryphon: \'I went to school every day--\' \'I\'VE been to the game, the Queen left off, quite out of this remark, and thought it over here,\' said the Duchess. \'Everything\'s got a moral, if only you can.', '2020-06-05 22:29:47', '2020-12-24 04:18:30');
INSERT INTO `comments` (`id`, `book_id`, `user_id`, `body`, `created_at`, `updated_at`) VALUES (88, 62, 64, 'Miss, this here ought to have lessons to learn! Oh, I shouldn\'t like THAT!\' \'Oh, you foolish Alice!\' she answered herself. \'How can you learn lessons in the last few minutes to see that the poor.', '2020-04-29 09:24:03', '2021-03-10 18:55:23');
INSERT INTO `comments` (`id`, `book_id`, `user_id`, `body`, `created_at`, `updated_at`) VALUES (89, 70, 34, 'I dare say you\'re wondering why I don\'t understand. Where did they draw the treacle from?\' \'You can draw water out of its mouth, and its great eyes half shut. This seemed to think to herself,.', '2021-01-12 14:38:23', '2020-09-22 07:07:51');
INSERT INTO `comments` (`id`, `book_id`, `user_id`, `body`, `created_at`, `updated_at`) VALUES (90, 17, 18, 'Hatter was the matter with it. There was a most extraordinary noise going on shrinking rapidly: she soon found herself in Wonderland, though she looked down at her for a minute, nurse! But I\'ve got.', '2020-12-31 15:28:37', '2021-02-03 10:02:25');
INSERT INTO `comments` (`id`, `book_id`, `user_id`, `body`, `created_at`, `updated_at`) VALUES (91, 34, 89, 'She\'ll get me executed, as sure as ferrets are ferrets! Where CAN I have dropped them, I wonder?\' As she said to Alice, and she was shrinking rapidly; so she went round the thistle again; then the.', '2020-08-31 04:38:18', '2020-08-21 16:52:48');
INSERT INTO `comments` (`id`, `book_id`, `user_id`, `body`, `created_at`, `updated_at`) VALUES (92, 36, 21, 'Either the well was very likely it can talk: at any rate, there\'s no harm in trying.\' So she began again: \'Ou est ma chatte?\' which was immediately suppressed by the way down one side and up I goes.', '2020-06-23 07:15:05', '2020-04-18 10:37:52');
INSERT INTO `comments` (`id`, `book_id`, `user_id`, `body`, `created_at`, `updated_at`) VALUES (93, 73, 7, 'How the Owl had the door between us. For instance, if you want to go! Let me see: I\'ll give them a new idea to Alice, that she might as well say,\' added the Dormouse, not choosing to notice this.', '2020-03-23 13:22:07', '2020-09-19 08:06:02');
INSERT INTO `comments` (`id`, `book_id`, `user_id`, `body`, `created_at`, `updated_at`) VALUES (94, 80, 29, 'Footman remarked, \'till tomorrow--\' At this moment the door and went on for some time without interrupting it. \'They were learning to draw,\' the Dormouse sulkily remarked, \'If you please, sir--\' The.', '2021-02-05 04:04:50', '2020-04-29 18:08:22');
INSERT INTO `comments` (`id`, `book_id`, `user_id`, `body`, `created_at`, `updated_at`) VALUES (95, 30, 38, 'As there seemed to listen, the whole window!\' \'Sure, it does, yer honour: but it\'s an arm for all that.\' \'Well, it\'s got no sorrow, you know. But do cats eat bats?\' and sometimes, \'Do bats eat.', '2020-09-14 03:06:09', '2020-12-03 00:31:03');
INSERT INTO `comments` (`id`, `book_id`, `user_id`, `body`, `created_at`, `updated_at`) VALUES (96, 2, 20, 'Presently she began thinking over all the first day,\' said the King, the Queen, who were giving it a minute or two, looking for it, while the rest were quite silent, and looked into its mouth and.', '2021-01-03 00:19:11', '2021-03-02 01:33:04');
INSERT INTO `comments` (`id`, `book_id`, `user_id`, `body`, `created_at`, `updated_at`) VALUES (97, 81, 50, 'I used to do:-- \'How doth the little door, had vanished completely. Very soon the Rabbit came up to the door, she ran across the field after it, and talking over its head. \'Very uncomfortable for.', '2021-02-12 03:45:24', '2021-01-11 03:42:09');
INSERT INTO `comments` (`id`, `book_id`, `user_id`, `body`, `created_at`, `updated_at`) VALUES (98, 69, 85, 'YOUR adventures.\' \'I could tell you just now what the next moment she felt that it might not escape again, and Alice was not even get her head to hide a smile: some of YOUR business, Two!\' said.', '2020-11-30 04:02:23', '2020-11-20 23:24:37');
INSERT INTO `comments` (`id`, `book_id`, `user_id`, `body`, `created_at`, `updated_at`) VALUES (99, 98, 29, 'Alas! it was YOUR table,\' said Alice; \'I daresay it\'s a very difficult question. However, at last she stretched her arms folded, quietly smoking a long hookah, and taking not the same, shedding.', '2021-02-18 15:38:27', '2021-01-26 00:05:18');
INSERT INTO `comments` (`id`, `book_id`, `user_id`, `body`, `created_at`, `updated_at`) VALUES (100, 48, 49, 'The Hatter was the same side of the March Hare said--\' \'I didn\'t!\' the March Hare. \'Sixteenth,\' added the March Hare interrupted in a ring, and begged the Mouse replied rather crossly: \'of course.', '2020-05-21 03:22:20', '2021-01-31 09:14:36');
INSERT INTO `comments` (`id`, `book_id`, `user_id`, `body`, `created_at`, `updated_at`) VALUES (101, 37, 46, 'RED rose-tree, and we put a white one in by mistake; and if it likes.\' \'I\'d rather not,\' the Cat in a tone of delight, and rushed at the jury-box, and saw that, in her haste, she had known them all.', '2020-11-11 14:00:30', '2020-11-09 09:22:15');
INSERT INTO `comments` (`id`, `book_id`, `user_id`, `body`, `created_at`, `updated_at`) VALUES (102, 63, 24, 'The Mouse did not look at all the rats and--oh dear!\' cried Alice, with a little faster?\" said a sleepy voice behind her. \'Collar that Dormouse,\' the Queen to-day?\' \'I should think it would not.', '2020-05-19 02:07:13', '2020-07-18 10:43:46');
INSERT INTO `comments` (`id`, `book_id`, `user_id`, `body`, `created_at`, `updated_at`) VALUES (103, 6, 24, 'She felt that it made no mark; but he now hastily began again, using the ink, that was said, and went on planning to herself \'Suppose it should be raving mad--at least not so mad as it lasted.).', '2020-06-07 16:57:30', '2021-01-02 01:48:28');
INSERT INTO `comments` (`id`, `book_id`, `user_id`, `body`, `created_at`, `updated_at`) VALUES (104, 74, 73, 'Dormouse into the darkness as hard as it turned round and round Alice, every now and then, \'we went to work very carefully, with one eye; but to get out of its mouth open, gazing up into hers--she.', '2021-01-11 01:20:15', '2021-02-28 17:43:16');
INSERT INTO `comments` (`id`, `book_id`, `user_id`, `body`, `created_at`, `updated_at`) VALUES (105, 45, 22, 'When the Mouse had changed his mind, and was going to begin with.\' \'A barrowful of WHAT?\' thought Alice \'without pictures or conversations?\' So she sat still just as the Rabbit, and had to stop and.', '2021-01-10 04:03:03', '2021-01-13 22:20:24');
INSERT INTO `comments` (`id`, `book_id`, `user_id`, `body`, `created_at`, `updated_at`) VALUES (106, 3, 15, 'Alice, they all cheered. Alice thought she had never left off quarrelling with the Queen, pointing to the dance. \'\"What matters it how far we go?\" his scaly friend replied. \"There is another shore,.', '2021-02-11 13:57:36', '2020-07-08 23:23:19');
INSERT INTO `comments` (`id`, `book_id`, `user_id`, `body`, `created_at`, `updated_at`) VALUES (107, 34, 32, 'Rabbit came near her, about the games now.\' CHAPTER X. The Lobster Quadrille is!\' \'No, indeed,\' said Alice. \'Then it doesn\'t matter which way she put one arm out of breath, and said nothing..', '2020-07-09 15:41:21', '2020-09-12 14:26:12');
INSERT INTO `comments` (`id`, `book_id`, `user_id`, `body`, `created_at`, `updated_at`) VALUES (108, 12, 10, 'Alice: he had never seen such a dear little puppy it was!\' said Alice, (she had grown so large in the house down!\' said the March Hare. \'It was the first position in which you usually see.', '2020-09-16 22:15:55', '2020-04-01 14:30:36');
INSERT INTO `comments` (`id`, `book_id`, `user_id`, `body`, `created_at`, `updated_at`) VALUES (109, 69, 72, 'This was such a curious plan!\' exclaimed Alice. \'And be quick about it,\' added the Dormouse, who seemed ready to ask any more HERE.\' \'But then,\' thought she, \'if people had all to lie down on the.', '2021-03-11 23:35:18', '2020-09-28 20:14:22');
INSERT INTO `comments` (`id`, `book_id`, `user_id`, `body`, `created_at`, `updated_at`) VALUES (110, 5, 13, 'An obstacle that came between Him, and ourselves, and it. Don\'t let me hear the Rabbit coming to look at me like that!\' He got behind him, and very soon found herself safe in a very good advice,.', '2020-09-01 01:17:24', '2020-07-04 20:08:33');
INSERT INTO `comments` (`id`, `book_id`, `user_id`, `body`, `created_at`, `updated_at`) VALUES (111, 98, 18, 'Lory, with a bound into the book her sister on the English coast you find a number of bathing machines in the shade: however, the moment he was going on, as she was now, and she grew no larger:.', '2021-02-17 19:30:39', '2020-03-31 06:59:48');
INSERT INTO `comments` (`id`, `book_id`, `user_id`, `body`, `created_at`, `updated_at`) VALUES (112, 3, 93, 'King, looking round the rosetree; for, you see, Miss, we\'re doing our best, afore she comes, to--\' At this moment the door opened inwards, and Alice\'s elbow was pressed so closely against her foot,.', '2020-08-25 08:28:55', '2020-12-25 02:58:51');
INSERT INTO `comments` (`id`, `book_id`, `user_id`, `body`, `created_at`, `updated_at`) VALUES (113, 70, 83, 'Dormouse. \'Don\'t talk nonsense,\' said Alice more boldly: \'you know you\'re growing too.\' \'Yes, but I THINK I can creep under the sea--\' (\'I haven\'t,\' said Alice)--\'and perhaps you haven\'t found it.', '2021-01-16 01:10:48', '2020-04-13 19:53:30');
INSERT INTO `comments` (`id`, `book_id`, `user_id`, `body`, `created_at`, `updated_at`) VALUES (114, 66, 19, 'Gryphon, sighing in his sleep, \'that \"I like what I like\"!\' \'You might just as she couldn\'t answer either question, it didn\'t much matter which way it was the matter on, What would become of it;.', '2020-10-05 06:19:18', '2020-11-16 05:43:41');
INSERT INTO `comments` (`id`, `book_id`, `user_id`, `body`, `created_at`, `updated_at`) VALUES (115, 30, 64, 'Alice ventured to taste it, and behind it when she found herself at last came a little pattering of footsteps in the distance, sitting sad and lonely on a little bit of mushroom, and her eyes filled.', '2020-12-18 03:49:02', '2021-02-08 23:55:21');
INSERT INTO `comments` (`id`, `book_id`, `user_id`, `body`, `created_at`, `updated_at`) VALUES (116, 28, 43, 'Mabel, for I know I do!\' said Alice angrily. \'It wasn\'t very civil of you to offer it,\' said the Caterpillar. \'I\'m afraid I can\'t put it more clearly,\' Alice replied very readily: \'but that\'s.', '2020-04-11 15:58:33', '2020-09-12 19:20:27');
INSERT INTO `comments` (`id`, `book_id`, `user_id`, `body`, `created_at`, `updated_at`) VALUES (117, 46, 59, 'For really this morning I\'ve nothing to what I say,\' the Mock Turtle angrily: \'really you are very dull!\' \'You ought to be afraid of it. She felt very glad that it was all finished, the Owl, as a.', '2020-07-29 10:46:42', '2020-07-21 00:55:04');
INSERT INTO `comments` (`id`, `book_id`, `user_id`, `body`, `created_at`, `updated_at`) VALUES (118, 15, 61, 'Oh dear! I\'d nearly forgotten that I\'ve got to?\' (Alice had no idea what Latitude was, or Longitude I\'ve got to?\' (Alice had no idea how confusing it is you hate--C and D,\' she added aloud. \'Do you.', '2020-10-16 23:42:19', '2020-07-19 08:42:36');
INSERT INTO `comments` (`id`, `book_id`, `user_id`, `body`, `created_at`, `updated_at`) VALUES (119, 14, 47, 'I tell you!\' said Alice. \'And be quick about it,\' added the Queen. \'Sentence first--verdict afterwards.\' \'Stuff and nonsense!\' said Alice doubtfully: \'it means--to--make--anything--prettier.\' \'Well,.', '2021-01-16 10:29:14', '2020-06-09 15:04:27');
INSERT INTO `comments` (`id`, `book_id`, `user_id`, `body`, `created_at`, `updated_at`) VALUES (120, 27, 33, 'I heard him declare, \"You have baked me too brown, I must go and take it away!\' There was a queer-shaped little creature, and held out its arms folded, frowning like a telescope.\' And so she went.', '2020-03-23 22:55:59', '2020-12-20 15:15:42');
INSERT INTO `comments` (`id`, `book_id`, `user_id`, `body`, `created_at`, `updated_at`) VALUES (121, 39, 59, 'Alice was beginning to think about stopping herself before she found her head through the air! Do you think you could manage it?) \'And what an ignorant little girl or a worm. The question is, Who in.', '2020-11-02 00:09:22', '2021-02-08 11:58:15');
INSERT INTO `comments` (`id`, `book_id`, `user_id`, `body`, `created_at`, `updated_at`) VALUES (122, 21, 19, 'Then it got down off the cake. * * * * \'What a funny watch!\' she remarked. \'There isn\'t any,\' said the Gryphon, and the March Hare. Visit either you like: they\'re both mad.\' \'But I don\'t care which.', '2020-09-08 04:00:46', '2020-04-21 00:23:20');
INSERT INTO `comments` (`id`, `book_id`, `user_id`, `body`, `created_at`, `updated_at`) VALUES (123, 97, 24, 'The Queen turned crimson with fury, and, after folding his arms and frowning at the door and went on in the sea. The master was an old conger-eel, that used to say.\' \'So he did, so he did,\' said the.', '2020-06-18 12:53:48', '2021-01-31 21:47:01');
INSERT INTO `comments` (`id`, `book_id`, `user_id`, `body`, `created_at`, `updated_at`) VALUES (124, 34, 31, 'Alice, who felt ready to talk nonsense. The Queen\'s Croquet-Ground A large rose-tree stood near the looking-glass. There was a little three-legged table, all made of solid glass; there was not a.', '2020-05-09 03:04:13', '2020-03-20 07:16:43');
INSERT INTO `comments` (`id`, `book_id`, `user_id`, `body`, `created_at`, `updated_at`) VALUES (125, 25, 70, 'I should think you\'ll feel it a very humble tone, going down on their faces, so that it would not join the dance?\"\' \'Thank you, it\'s a set of verses.\' \'Are they in the trial one way up as the Lory.', '2020-06-12 23:12:17', '2021-02-18 00:48:27');
INSERT INTO `comments` (`id`, `book_id`, `user_id`, `body`, `created_at`, `updated_at`) VALUES (126, 55, 33, 'Why, there\'s hardly room for her. \'I can tell you my history, and you\'ll understand why it is all the other queer noises, would change (she knew) to the other: the Duchess said in an offended tone,.', '2020-05-21 14:39:38', '2020-10-31 00:53:41');
INSERT INTO `comments` (`id`, `book_id`, `user_id`, `body`, `created_at`, `updated_at`) VALUES (127, 2, 65, 'No, no! You\'re a serpent; and there\'s no use in saying anything more till the eyes appeared, and then all the right words,\' said poor Alice, \'to pretend to be full of soup. \'There\'s certainly too.', '2020-03-29 11:39:44', '2020-06-16 10:41:43');
INSERT INTO `comments` (`id`, `book_id`, `user_id`, `body`, `created_at`, `updated_at`) VALUES (128, 34, 1, 'Alice was very fond of beheading people here; the great question certainly was, what? Alice looked down at them, and just as well she might, what a Mock Turtle drew a long and a sad tale!\' said the.', '2021-03-07 10:11:55', '2020-05-15 15:34:58');
INSERT INTO `comments` (`id`, `book_id`, `user_id`, `body`, `created_at`, `updated_at`) VALUES (129, 17, 15, 'I hadn\'t quite finished my tea when I grow up, I\'ll write one--but I\'m grown up now,\' she added in an offended tone, \'was, that the meeting adjourn, for the hot day made her look up in such.', '2020-07-08 11:03:14', '2021-03-02 11:16:00');
INSERT INTO `comments` (`id`, `book_id`, `user_id`, `body`, `created_at`, `updated_at`) VALUES (130, 18, 37, 'King, going up to them to be a great deal too far off to other parts of the evening, beautiful Soup! Beau--ootiful Soo--oop! Beau--ootiful Soo--oop! Beau--ootiful Soo--oop! Beau--ootiful Soo--oop!.', '2020-03-21 15:46:14', '2020-05-24 04:01:46');
INSERT INTO `comments` (`id`, `book_id`, `user_id`, `body`, `created_at`, `updated_at`) VALUES (131, 39, 61, 'I could show you our cat Dinah: I think I should understand that better,\' Alice said nothing: she had found her way into a conversation. Alice felt dreadfully puzzled. The Hatter\'s remark seemed to.', '2020-10-12 11:51:09', '2020-12-13 09:55:20');
INSERT INTO `comments` (`id`, `book_id`, `user_id`, `body`, `created_at`, `updated_at`) VALUES (132, 86, 86, 'Stigand, the patriotic archbishop of Canterbury, found it so quickly that the way out of his great wig.\' The judge, by the soldiers, who of course was, how to begin.\' He looked at Alice, as she.', '2020-08-16 18:42:32', '2021-01-11 19:33:00');
INSERT INTO `comments` (`id`, `book_id`, `user_id`, `body`, `created_at`, `updated_at`) VALUES (133, 12, 27, 'Which shall sing?\' \'Oh, YOU sing,\' said the Caterpillar. \'Well, I\'ve tried hedges,\' the Pigeon in a melancholy way, being quite unable to move. She soon got it out to sea. So they got thrown out to.', '2020-07-19 06:03:32', '2021-02-04 22:05:31');
INSERT INTO `comments` (`id`, `book_id`, `user_id`, `body`, `created_at`, `updated_at`) VALUES (134, 11, 56, 'Queen till she too began dreaming after a pause: \'the reason is, that there\'s any one of the water, and seemed to follow, except a little worried. \'Just about as curious as it spoke. \'As wet as.', '2020-05-26 06:50:21', '2020-06-28 16:58:10');
INSERT INTO `comments` (`id`, `book_id`, `user_id`, `body`, `created_at`, `updated_at`) VALUES (135, 65, 6, 'Heads below!\' (a loud crash)--\'Now, who did that?--It was Bill, the Lizard) could not taste theirs, and the other side of the leaves: \'I should like to try the first position in dancing.\' Alice.', '2020-11-04 12:17:09', '2020-08-18 11:24:13');
INSERT INTO `comments` (`id`, `book_id`, `user_id`, `body`, `created_at`, `updated_at`) VALUES (136, 39, 53, 'Puss,\' she began, in a whisper.) \'That would be the best way you have just been picked up.\' \'What\'s in it?\' said the March Hare and his friends shared their never-ending meal, and the jury consider.', '2020-08-26 07:58:22', '2020-07-19 11:11:37');
INSERT INTO `comments` (`id`, `book_id`, `user_id`, `body`, `created_at`, `updated_at`) VALUES (137, 65, 62, 'Alice quietly said, just as well she might, what a long breath, and till the puppy\'s bark sounded quite faint in the air. This time Alice waited till the puppy\'s bark sounded quite faint in the.', '2020-12-01 12:35:14', '2020-07-31 03:52:00');
INSERT INTO `comments` (`id`, `book_id`, `user_id`, `body`, `created_at`, `updated_at`) VALUES (138, 53, 70, 'Rabbit, and had just begun \'Well, of all the time she heard her voice sounded hoarse and strange, and the cool fountains. CHAPTER VIII. The Queen\'s argument was, that you have of putting things!\'.', '2021-01-11 05:19:23', '2020-12-27 08:21:30');
INSERT INTO `comments` (`id`, `book_id`, `user_id`, `body`, `created_at`, `updated_at`) VALUES (139, 12, 62, 'The Queen smiled and passed on. \'Who ARE you doing out here? Run home this moment, I tell you!\' But she waited for some minutes. The Caterpillar and Alice rather unwillingly took the cauldron of.', '2021-02-25 07:33:02', '2020-10-06 18:46:56');
INSERT INTO `comments` (`id`, `book_id`, `user_id`, `body`, `created_at`, `updated_at`) VALUES (140, 25, 11, 'I hadn\'t cried so much!\' Alas! it was quite impossible to say it over) \'--yes, that\'s about the crumbs,\' said the Caterpillar. \'Well, I\'ve tried hedges,\' the Pigeon had finished. \'As if it had.', '2021-02-19 11:26:52', '2020-10-31 22:43:20');
INSERT INTO `comments` (`id`, `book_id`, `user_id`, `body`, `created_at`, `updated_at`) VALUES (141, 73, 18, 'But the snail replied \"Too far, too far!\" and gave a look askance-- Said he thanked the whiting kindly, but he now hastily began again, using the ink, that was linked into hers began to cry again..', '2020-05-25 04:30:06', '2020-05-20 23:01:51');
INSERT INTO `comments` (`id`, `book_id`, `user_id`, `body`, `created_at`, `updated_at`) VALUES (142, 38, 15, 'Footman\'s head: it just now.\' \'It\'s the first figure!\' said the cook. \'Treacle,\' said the Caterpillar. \'Well, perhaps your feelings may be ONE.\' \'One, indeed!\' said the Rabbit\'s little white kid.', '2020-06-01 09:43:21', '2021-01-26 08:50:31');
INSERT INTO `comments` (`id`, `book_id`, `user_id`, `body`, `created_at`, `updated_at`) VALUES (143, 89, 69, 'Mouse, who seemed ready to agree to everything that Alice had not a mile high,\' said Alice. \'Why not?\' said the March Hare. The Hatter shook his grey locks, \'I kept all my limbs very supple By the.', '2020-03-21 00:59:06', '2020-11-18 18:11:39');
INSERT INTO `comments` (`id`, `book_id`, `user_id`, `body`, `created_at`, `updated_at`) VALUES (144, 79, 98, 'March Hare. \'Then it doesn\'t mind.\' The table was a very short time the Queen furiously, throwing an inkstand at the Queen, but she did it at all; however, she went on. \'We had the dish as its share.', '2020-06-22 21:43:30', '2021-02-23 01:58:53');
INSERT INTO `comments` (`id`, `book_id`, `user_id`, `body`, `created_at`, `updated_at`) VALUES (145, 69, 92, 'Alice began to get in at the Queen, in a hurry that she did not much larger than a pig, my dear,\' said Alice, rather doubtfully, as she came suddenly upon an open place, with a teacup in one hand.', '2021-01-18 05:31:41', '2020-07-19 12:50:11');
INSERT INTO `comments` (`id`, `book_id`, `user_id`, `body`, `created_at`, `updated_at`) VALUES (146, 56, 18, 'Alice. \'Then you shouldn\'t talk,\' said the Hatter. \'Does YOUR watch tell you my adventures--beginning from this side of WHAT?\' thought Alice; \'only, as it\'s asleep, I suppose Dinah\'ll be sending me.', '2021-01-24 04:44:30', '2020-08-26 11:02:39');
INSERT INTO `comments` (`id`, `book_id`, `user_id`, `body`, `created_at`, `updated_at`) VALUES (147, 73, 100, 'Suppress him! Pinch him! Off with his whiskers!\' For some minutes it puffed away without speaking, but at the thought that it would make with the Queen,\' and she sat on, with closed eyes, and feebly.', '2020-12-01 10:22:33', '2021-01-15 23:48:54');
INSERT INTO `comments` (`id`, `book_id`, `user_id`, `body`, `created_at`, `updated_at`) VALUES (148, 1, 95, 'The Hatter shook his head off outside,\' the Queen was close behind her, listening: so she went back for a few yards off. The Cat only grinned when it saw mine coming!\' \'How do you know about it, and.', '2020-05-01 17:50:06', '2020-03-27 18:37:52');
INSERT INTO `comments` (`id`, `book_id`, `user_id`, `body`, `created_at`, `updated_at`) VALUES (149, 99, 65, 'For, you see, so many out-of-the-way things had happened lately, that Alice could not be denied, so she waited. The Gryphon sat up and rubbed its eyes: then it watched the White Rabbit, \'but it.', '2020-10-09 08:54:22', '2020-12-29 17:42:51');
INSERT INTO `comments` (`id`, `book_id`, `user_id`, `body`, `created_at`, `updated_at`) VALUES (150, 79, 84, 'I think I can go back and finish your story!\' Alice called out in a deep voice, \'are done with blacking, I believe.\' \'Boots and shoes under the table: she opened the door of the trial.\' \'Stupid.', '2020-04-01 06:52:48', '2020-06-17 22:32:57');


INSERT INTO `friendship` (`user_id`, `friend_id`, `friendship_status_id`, `requested_at`, `confirmed_at`, `created_at`, `updated_at`) VALUES (1, 53, 1, '2019-09-18 09:58:28', '2019-07-14 04:00:52', '2014-08-10 19:37:59', '2020-05-24 08:47:39');
INSERT INTO `friendship` (`user_id`, `friend_id`, `friendship_status_id`, `requested_at`, `confirmed_at`, `created_at`, `updated_at`) VALUES (2, 22, 1, '2015-05-17 14:17:14', '2016-07-22 16:24:46', '2019-07-09 00:19:41', '2020-07-12 10:03:38');
INSERT INTO `friendship` (`user_id`, `friend_id`, `friendship_status_id`, `requested_at`, `confirmed_at`, `created_at`, `updated_at`) VALUES (3, 34, 2, '2012-07-04 14:29:58', '2011-04-19 12:33:30', '2015-11-04 19:49:34', '2020-07-19 18:08:01');
INSERT INTO `friendship` (`user_id`, `friend_id`, `friendship_status_id`, `requested_at`, `confirmed_at`, `created_at`, `updated_at`) VALUES (4, 40, 1, '2017-08-15 06:10:23', '2017-10-06 23:51:24', '2016-10-10 11:13:51', '2020-05-04 23:05:02');
INSERT INTO `friendship` (`user_id`, `friend_id`, `friendship_status_id`, `requested_at`, `confirmed_at`, `created_at`, `updated_at`) VALUES (5, 35, 1, '2017-08-10 14:10:57', '2018-02-10 21:12:01', '2016-10-27 01:03:06', '2020-05-08 01:05:50');
INSERT INTO `friendship` (`user_id`, `friend_id`, `friendship_status_id`, `requested_at`, `confirmed_at`, `created_at`, `updated_at`) VALUES (6, 51, 1, '2018-11-17 08:28:57', '2016-06-22 13:57:48', '2016-12-09 08:07:24', '2021-03-12 10:31:14');
INSERT INTO `friendship` (`user_id`, `friend_id`, `friendship_status_id`, `requested_at`, `confirmed_at`, `created_at`, `updated_at`) VALUES (7, 36, 2, '2015-04-28 16:33:36', '2017-08-25 20:28:16', '2016-03-28 07:32:19', '2021-01-10 02:35:47');
INSERT INTO `friendship` (`user_id`, `friend_id`, `friendship_status_id`, `requested_at`, `confirmed_at`, `created_at`, `updated_at`) VALUES (8, 72, 2, '2011-06-20 06:38:37', '2013-04-23 05:00:03', '2016-01-13 02:23:56', '2020-03-23 00:30:52');
INSERT INTO `friendship` (`user_id`, `friend_id`, `friendship_status_id`, `requested_at`, `confirmed_at`, `created_at`, `updated_at`) VALUES (9, 37, 1, '2020-08-27 03:48:10', '2015-02-23 16:15:32', '2017-02-02 00:00:55', '2020-05-11 01:59:17');
INSERT INTO `friendship` (`user_id`, `friend_id`, `friendship_status_id`, `requested_at`, `confirmed_at`, `created_at`, `updated_at`) VALUES (10, 50, 3, '2011-05-31 03:01:01', '2014-08-11 14:01:05', '2017-03-05 14:34:27', '2020-10-17 00:15:31');
INSERT INTO `friendship` (`user_id`, `friend_id`, `friendship_status_id`, `requested_at`, `confirmed_at`, `created_at`, `updated_at`) VALUES (11, 25, 2, '2020-04-10 14:18:00', '2019-02-07 21:00:37', '2020-10-11 00:10:47', '2020-06-01 09:32:38');
INSERT INTO `friendship` (`user_id`, `friend_id`, `friendship_status_id`, `requested_at`, `confirmed_at`, `created_at`, `updated_at`) VALUES (12, 35, 2, '2018-02-08 20:44:50', '2019-02-20 14:01:17', '2014-04-10 17:59:01', '2020-11-29 09:07:30');
INSERT INTO `friendship` (`user_id`, `friend_id`, `friendship_status_id`, `requested_at`, `confirmed_at`, `created_at`, `updated_at`) VALUES (13, 100, 2, '2014-06-30 20:53:53', '2011-08-18 06:10:50', '2016-03-14 06:35:10', '2021-02-22 23:01:19');
INSERT INTO `friendship` (`user_id`, `friend_id`, `friendship_status_id`, `requested_at`, `confirmed_at`, `created_at`, `updated_at`) VALUES (14, 32, 2, '2017-08-16 13:12:26', '2013-08-30 22:40:38', '2014-04-09 04:06:12', '2020-09-17 04:15:12');
INSERT INTO `friendship` (`user_id`, `friend_id`, `friendship_status_id`, `requested_at`, `confirmed_at`, `created_at`, `updated_at`) VALUES (15, 100, 3, '2013-03-09 04:19:19', '2016-11-30 14:34:09', '2018-10-05 20:39:24', '2021-02-22 08:15:36');
INSERT INTO `friendship` (`user_id`, `friend_id`, `friendship_status_id`, `requested_at`, `confirmed_at`, `created_at`, `updated_at`) VALUES (16, 96, 3, '2020-02-15 00:21:08', '2012-12-29 14:52:37', '2021-01-11 08:24:55', '2021-01-05 01:15:08');
INSERT INTO `friendship` (`user_id`, `friend_id`, `friendship_status_id`, `requested_at`, `confirmed_at`, `created_at`, `updated_at`) VALUES (17, 9, 3, '2019-04-28 20:01:38', '2011-11-22 10:24:38', '2017-10-26 00:24:45', '2020-04-16 12:13:16');
INSERT INTO `friendship` (`user_id`, `friend_id`, `friendship_status_id`, `requested_at`, `confirmed_at`, `created_at`, `updated_at`) VALUES (18, 20, 3, '2013-04-21 17:26:38', '2012-11-10 06:58:07', '2013-09-03 20:11:42', '2020-09-23 19:04:20');
INSERT INTO `friendship` (`user_id`, `friend_id`, `friendship_status_id`, `requested_at`, `confirmed_at`, `created_at`, `updated_at`) VALUES (19, 91, 1, '2019-10-26 07:24:27', '2019-01-13 21:53:41', '2011-05-10 09:19:30', '2020-04-06 15:02:43');
INSERT INTO `friendship` (`user_id`, `friend_id`, `friendship_status_id`, `requested_at`, `confirmed_at`, `created_at`, `updated_at`) VALUES (20, 87, 1, '2016-12-08 05:13:28', '2020-03-12 19:37:42', '2015-01-06 21:00:05', '2020-10-19 08:59:15');
INSERT INTO `friendship` (`user_id`, `friend_id`, `friendship_status_id`, `requested_at`, `confirmed_at`, `created_at`, `updated_at`) VALUES (21, 33, 3, '2014-12-28 20:53:47', '2020-10-26 17:53:21', '2018-09-04 04:56:01', '2020-06-05 01:03:10');
INSERT INTO `friendship` (`user_id`, `friend_id`, `friendship_status_id`, `requested_at`, `confirmed_at`, `created_at`, `updated_at`) VALUES (22, 94, 2, '2019-09-02 19:15:40', '2019-08-09 02:10:30', '2020-09-11 19:16:45', '2020-08-02 19:28:19');
INSERT INTO `friendship` (`user_id`, `friend_id`, `friendship_status_id`, `requested_at`, `confirmed_at`, `created_at`, `updated_at`) VALUES (23, 51, 1, '2020-09-28 13:43:49', '2020-02-11 08:39:39', '2015-10-11 04:20:34', '2020-05-22 21:46:38');
INSERT INTO `friendship` (`user_id`, `friend_id`, `friendship_status_id`, `requested_at`, `confirmed_at`, `created_at`, `updated_at`) VALUES (24, 10, 1, '2019-03-26 12:58:36', '2020-01-07 17:45:18', '2013-07-07 11:43:42', '2020-10-06 02:53:05');
INSERT INTO `friendship` (`user_id`, `friend_id`, `friendship_status_id`, `requested_at`, `confirmed_at`, `created_at`, `updated_at`) VALUES (25, 49, 1, '2018-11-16 21:17:40', '2016-06-16 22:28:26', '2017-07-25 21:49:23', '2020-05-15 03:25:36');
INSERT INTO `friendship` (`user_id`, `friend_id`, `friendship_status_id`, `requested_at`, `confirmed_at`, `created_at`, `updated_at`) VALUES (26, 32, 3, '2014-04-07 10:25:56', '2017-02-21 01:15:06', '2015-05-14 09:06:36', '2021-02-22 06:33:40');
INSERT INTO `friendship` (`user_id`, `friend_id`, `friendship_status_id`, `requested_at`, `confirmed_at`, `created_at`, `updated_at`) VALUES (27, 33, 2, '2019-05-04 07:55:31', '2018-12-08 20:54:17', '2011-07-05 19:08:47', '2021-02-08 13:39:19');
INSERT INTO `friendship` (`user_id`, `friend_id`, `friendship_status_id`, `requested_at`, `confirmed_at`, `created_at`, `updated_at`) VALUES (28, 71, 3, '2012-08-19 19:02:06', '2020-09-12 02:26:41', '2015-02-20 17:22:11', '2020-09-09 06:11:24');
INSERT INTO `friendship` (`user_id`, `friend_id`, `friendship_status_id`, `requested_at`, `confirmed_at`, `created_at`, `updated_at`) VALUES (29, 31, 1, '2014-10-31 21:17:14', '2019-10-09 22:20:16', '2018-11-21 00:18:20', '2021-02-28 16:59:14');
INSERT INTO `friendship` (`user_id`, `friend_id`, `friendship_status_id`, `requested_at`, `confirmed_at`, `created_at`, `updated_at`) VALUES (30, 75, 3, '2015-01-26 12:13:09', '2018-11-14 23:01:53', '2018-10-18 01:44:36', '2020-08-15 15:27:24');
INSERT INTO `friendship` (`user_id`, `friend_id`, `friendship_status_id`, `requested_at`, `confirmed_at`, `created_at`, `updated_at`) VALUES (31, 79, 3, '2018-12-09 21:43:14', '2014-01-07 05:59:15', '2012-05-24 09:36:50', '2020-11-28 05:31:44');
INSERT INTO `friendship` (`user_id`, `friend_id`, `friendship_status_id`, `requested_at`, `confirmed_at`, `created_at`, `updated_at`) VALUES (32, 70, 3, '2014-06-09 10:58:31', '2015-08-23 12:14:53', '2014-10-27 16:33:06', '2020-10-15 07:54:43');
INSERT INTO `friendship` (`user_id`, `friend_id`, `friendship_status_id`, `requested_at`, `confirmed_at`, `created_at`, `updated_at`) VALUES (33, 70, 1, '2012-11-25 08:39:58', '2014-07-12 03:58:18', '2011-12-28 14:50:49', '2020-04-23 07:33:30');
INSERT INTO `friendship` (`user_id`, `friend_id`, `friendship_status_id`, `requested_at`, `confirmed_at`, `created_at`, `updated_at`) VALUES (34, 57, 2, '2013-07-31 08:54:24', '2020-03-06 11:15:27', '2015-05-06 09:10:00', '2021-01-03 02:21:22');
INSERT INTO `friendship` (`user_id`, `friend_id`, `friendship_status_id`, `requested_at`, `confirmed_at`, `created_at`, `updated_at`) VALUES (35, 74, 1, '2016-03-15 18:55:35', '2016-06-21 16:36:20', '2015-05-17 04:12:07', '2021-03-10 05:21:18');
INSERT INTO `friendship` (`user_id`, `friend_id`, `friendship_status_id`, `requested_at`, `confirmed_at`, `created_at`, `updated_at`) VALUES (36, 71, 3, '2013-04-04 09:35:49', '2013-05-31 00:15:18', '2019-09-12 08:24:24', '2020-11-18 17:08:43');
INSERT INTO `friendship` (`user_id`, `friend_id`, `friendship_status_id`, `requested_at`, `confirmed_at`, `created_at`, `updated_at`) VALUES (37, 55, 2, '2011-05-02 05:34:29', '2013-03-12 05:32:20', '2019-02-01 19:26:11', '2021-02-07 09:28:41');
INSERT INTO `friendship` (`user_id`, `friend_id`, `friendship_status_id`, `requested_at`, `confirmed_at`, `created_at`, `updated_at`) VALUES (38, 11, 3, '2014-12-26 04:52:37', '2011-07-28 12:24:05', '2015-09-17 09:30:29', '2020-11-11 08:42:19');
INSERT INTO `friendship` (`user_id`, `friend_id`, `friendship_status_id`, `requested_at`, `confirmed_at`, `created_at`, `updated_at`) VALUES (39, 34, 2, '2018-09-13 18:26:31', '2019-08-12 15:36:11', '2013-11-08 12:06:59', '2020-12-23 10:04:51');
INSERT INTO `friendship` (`user_id`, `friend_id`, `friendship_status_id`, `requested_at`, `confirmed_at`, `created_at`, `updated_at`) VALUES (40, 65, 1, '2012-10-10 15:24:17', '2020-11-08 23:39:35', '2013-10-10 09:55:25', '2020-05-16 20:05:43');
INSERT INTO `friendship` (`user_id`, `friend_id`, `friendship_status_id`, `requested_at`, `confirmed_at`, `created_at`, `updated_at`) VALUES (41, 91, 1, '2020-07-30 04:40:57', '2020-12-24 23:15:45', '2017-11-15 15:54:06', '2020-08-27 04:34:15');
INSERT INTO `friendship` (`user_id`, `friend_id`, `friendship_status_id`, `requested_at`, `confirmed_at`, `created_at`, `updated_at`) VALUES (42, 2, 2, '2015-12-08 10:45:49', '2016-07-14 09:55:17', '2013-02-20 16:08:24', '2020-04-22 02:56:39');
INSERT INTO `friendship` (`user_id`, `friend_id`, `friendship_status_id`, `requested_at`, `confirmed_at`, `created_at`, `updated_at`) VALUES (43, 81, 2, '2015-08-09 22:14:07', '2015-09-21 09:59:15', '2017-05-19 07:41:11', '2020-08-31 21:28:02');
INSERT INTO `friendship` (`user_id`, `friend_id`, `friendship_status_id`, `requested_at`, `confirmed_at`, `created_at`, `updated_at`) VALUES (44, 62, 3, '2019-10-10 20:06:50', '2012-06-04 11:36:21', '2021-02-01 09:36:43', '2020-06-19 20:20:24');
INSERT INTO `friendship` (`user_id`, `friend_id`, `friendship_status_id`, `requested_at`, `confirmed_at`, `created_at`, `updated_at`) VALUES (45, 65, 1, '2012-03-10 13:31:53', '2016-11-24 16:05:40', '2011-11-28 18:51:14', '2020-11-18 02:39:18');
INSERT INTO `friendship` (`user_id`, `friend_id`, `friendship_status_id`, `requested_at`, `confirmed_at`, `created_at`, `updated_at`) VALUES (46, 86, 2, '2013-09-28 16:40:26', '2020-12-19 07:32:13', '2011-11-17 20:46:53', '2020-12-05 00:57:23');
INSERT INTO `friendship` (`user_id`, `friend_id`, `friendship_status_id`, `requested_at`, `confirmed_at`, `created_at`, `updated_at`) VALUES (47, 14, 3, '2012-02-04 01:59:15', '2015-03-02 09:23:13', '2013-07-12 18:35:57', '2021-01-23 07:54:54');
INSERT INTO `friendship` (`user_id`, `friend_id`, `friendship_status_id`, `requested_at`, `confirmed_at`, `created_at`, `updated_at`) VALUES (48, 61, 3, '2011-12-06 07:35:26', '2014-12-30 13:13:43', '2019-12-20 09:41:42', '2020-12-13 20:55:19');
INSERT INTO `friendship` (`user_id`, `friend_id`, `friendship_status_id`, `requested_at`, `confirmed_at`, `created_at`, `updated_at`) VALUES (49, 44, 3, '2017-01-15 06:47:01', '2015-05-17 05:09:05', '2017-03-08 01:44:54', '2020-05-31 01:33:14');
INSERT INTO `friendship` (`user_id`, `friend_id`, `friendship_status_id`, `requested_at`, `confirmed_at`, `created_at`, `updated_at`) VALUES (50, 37, 2, '2021-02-11 20:13:51', '2017-08-19 02:56:42', '2019-05-02 01:24:11', '2020-09-04 15:38:39');
INSERT INTO `friendship` (`user_id`, `friend_id`, `friendship_status_id`, `requested_at`, `confirmed_at`, `created_at`, `updated_at`) VALUES (51, 19, 2, '2017-10-28 06:26:41', '2014-07-14 14:47:12', '2017-01-27 10:25:51', '2020-07-07 06:50:03');
INSERT INTO `friendship` (`user_id`, `friend_id`, `friendship_status_id`, `requested_at`, `confirmed_at`, `created_at`, `updated_at`) VALUES (52, 93, 2, '2013-08-27 14:37:09', '2012-07-17 14:44:02', '2014-05-13 14:40:09', '2021-02-14 03:08:36');
INSERT INTO `friendship` (`user_id`, `friend_id`, `friendship_status_id`, `requested_at`, `confirmed_at`, `created_at`, `updated_at`) VALUES (53, 87, 3, '2020-06-21 17:49:55', '2018-12-21 23:47:16', '2019-05-26 14:45:39', '2020-03-31 08:59:03');
INSERT INTO `friendship` (`user_id`, `friend_id`, `friendship_status_id`, `requested_at`, `confirmed_at`, `created_at`, `updated_at`) VALUES (54, 98, 3, '2018-12-11 20:54:58', '2012-09-05 11:22:39', '2011-08-03 15:02:17', '2020-06-07 12:50:09');
INSERT INTO `friendship` (`user_id`, `friend_id`, `friendship_status_id`, `requested_at`, `confirmed_at`, `created_at`, `updated_at`) VALUES (55, 39, 1, '2018-06-23 02:37:26', '2018-11-07 14:51:34', '2014-06-24 10:49:05', '2020-08-21 03:15:18');
INSERT INTO `friendship` (`user_id`, `friend_id`, `friendship_status_id`, `requested_at`, `confirmed_at`, `created_at`, `updated_at`) VALUES (56, 66, 3, '2011-12-03 07:05:41', '2012-12-31 23:17:48', '2011-04-15 23:15:12', '2021-02-15 06:05:08');
INSERT INTO `friendship` (`user_id`, `friend_id`, `friendship_status_id`, `requested_at`, `confirmed_at`, `created_at`, `updated_at`) VALUES (57, 99, 3, '2017-05-30 11:13:49', '2012-08-30 09:36:49', '2014-01-21 03:58:35', '2020-09-04 15:38:07');
INSERT INTO `friendship` (`user_id`, `friend_id`, `friendship_status_id`, `requested_at`, `confirmed_at`, `created_at`, `updated_at`) VALUES (58, 54, 3, '2015-01-27 09:17:20', '2013-06-16 21:47:47', '2012-03-26 19:33:22', '2020-06-10 12:53:56');
INSERT INTO `friendship` (`user_id`, `friend_id`, `friendship_status_id`, `requested_at`, `confirmed_at`, `created_at`, `updated_at`) VALUES (59, 25, 2, '2017-11-11 21:03:38', '2017-05-18 11:49:31', '2017-06-08 19:05:42', '2020-12-31 05:35:37');
INSERT INTO `friendship` (`user_id`, `friend_id`, `friendship_status_id`, `requested_at`, `confirmed_at`, `created_at`, `updated_at`) VALUES (60, 85, 3, '2014-06-27 01:40:14', '2019-10-26 23:36:50', '2018-04-05 04:08:12', '2020-09-26 00:45:22');
INSERT INTO `friendship` (`user_id`, `friend_id`, `friendship_status_id`, `requested_at`, `confirmed_at`, `created_at`, `updated_at`) VALUES (61, 45, 1, '2012-03-21 23:49:11', '2020-12-15 19:51:34', '2015-02-02 19:37:49', '2021-03-12 12:39:15');
INSERT INTO `friendship` (`user_id`, `friend_id`, `friendship_status_id`, `requested_at`, `confirmed_at`, `created_at`, `updated_at`) VALUES (62, 97, 2, '2013-02-12 02:47:36', '2014-11-02 13:35:52', '2019-03-06 12:08:04', '2021-01-05 03:59:14');
INSERT INTO `friendship` (`user_id`, `friend_id`, `friendship_status_id`, `requested_at`, `confirmed_at`, `created_at`, `updated_at`) VALUES (63, 41, 3, '2019-01-23 02:44:48', '2015-08-01 17:11:45', '2013-09-30 03:34:49', '2020-10-17 13:14:38');
INSERT INTO `friendship` (`user_id`, `friend_id`, `friendship_status_id`, `requested_at`, `confirmed_at`, `created_at`, `updated_at`) VALUES (64, 38, 2, '2013-02-08 08:27:49', '2011-10-30 08:32:02', '2018-01-25 18:07:02', '2021-01-22 16:54:56');
INSERT INTO `friendship` (`user_id`, `friend_id`, `friendship_status_id`, `requested_at`, `confirmed_at`, `created_at`, `updated_at`) VALUES (65, 61, 2, '2011-09-29 12:44:57', '2017-03-26 11:00:52', '2016-10-21 03:54:10', '2020-06-22 14:10:52');
INSERT INTO `friendship` (`user_id`, `friend_id`, `friendship_status_id`, `requested_at`, `confirmed_at`, `created_at`, `updated_at`) VALUES (66, 50, 1, '2016-12-07 14:15:48', '2013-04-07 02:56:19', '2011-09-24 05:55:46', '2020-10-11 21:27:42');
INSERT INTO `friendship` (`user_id`, `friend_id`, `friendship_status_id`, `requested_at`, `confirmed_at`, `created_at`, `updated_at`) VALUES (67, 37, 3, '2014-10-31 18:11:47', '2017-06-26 11:18:55', '2012-11-28 14:34:05', '2020-11-13 05:11:42');
INSERT INTO `friendship` (`user_id`, `friend_id`, `friendship_status_id`, `requested_at`, `confirmed_at`, `created_at`, `updated_at`) VALUES (68, 53, 3, '2017-12-16 21:12:42', '2011-04-28 21:07:30', '2018-06-24 01:49:42', '2020-05-05 01:10:13');
INSERT INTO `friendship` (`user_id`, `friend_id`, `friendship_status_id`, `requested_at`, `confirmed_at`, `created_at`, `updated_at`) VALUES (69, 99, 1, '2014-12-25 22:00:24', '2020-12-19 15:29:18', '2019-08-30 17:05:09', '2020-08-30 18:12:47');
INSERT INTO `friendship` (`user_id`, `friend_id`, `friendship_status_id`, `requested_at`, `confirmed_at`, `created_at`, `updated_at`) VALUES (70, 92, 1, '2011-11-10 11:33:00', '2012-02-19 02:28:08', '2016-08-19 08:48:30', '2020-12-27 14:37:59');
INSERT INTO `friendship` (`user_id`, `friend_id`, `friendship_status_id`, `requested_at`, `confirmed_at`, `created_at`, `updated_at`) VALUES (71, 81, 3, '2014-01-21 23:41:24', '2019-08-18 11:41:54', '2016-02-05 05:11:15', '2020-08-24 20:35:24');
INSERT INTO `friendship` (`user_id`, `friend_id`, `friendship_status_id`, `requested_at`, `confirmed_at`, `created_at`, `updated_at`) VALUES (72, 100, 2, '2020-06-08 07:52:15', '2013-08-02 05:50:49', '2014-03-25 12:46:22', '2021-01-22 20:48:56');
INSERT INTO `friendship` (`user_id`, `friend_id`, `friendship_status_id`, `requested_at`, `confirmed_at`, `created_at`, `updated_at`) VALUES (73, 99, 2, '2014-04-25 17:25:39', '2011-06-05 12:40:30', '2011-07-26 06:46:11', '2020-08-09 14:33:10');
INSERT INTO `friendship` (`user_id`, `friend_id`, `friendship_status_id`, `requested_at`, `confirmed_at`, `created_at`, `updated_at`) VALUES (74, 94, 1, '2014-01-07 04:41:23', '2019-05-14 23:12:27', '2013-05-11 01:04:14', '2021-01-16 03:58:33');
INSERT INTO `friendship` (`user_id`, `friend_id`, `friendship_status_id`, `requested_at`, `confirmed_at`, `created_at`, `updated_at`) VALUES (75, 99, 2, '2017-04-01 13:47:59', '2012-11-24 15:58:20', '2015-12-10 11:00:41', '2020-06-01 20:19:09');
INSERT INTO `friendship` (`user_id`, `friend_id`, `friendship_status_id`, `requested_at`, `confirmed_at`, `created_at`, `updated_at`) VALUES (76, 8, 1, '2016-07-19 17:21:30', '2020-05-26 13:02:06', '2018-09-04 14:53:36', '2020-05-12 10:57:49');
INSERT INTO `friendship` (`user_id`, `friend_id`, `friendship_status_id`, `requested_at`, `confirmed_at`, `created_at`, `updated_at`) VALUES (77, 86, 1, '2013-11-25 05:33:36', '2014-01-06 03:41:19', '2012-05-12 16:02:46', '2020-11-23 16:10:05');
INSERT INTO `friendship` (`user_id`, `friend_id`, `friendship_status_id`, `requested_at`, `confirmed_at`, `created_at`, `updated_at`) VALUES (78, 23, 3, '2011-09-18 00:38:15', '2019-12-17 12:05:19', '2016-09-06 17:18:55', '2021-02-15 05:03:20');
INSERT INTO `friendship` (`user_id`, `friend_id`, `friendship_status_id`, `requested_at`, `confirmed_at`, `created_at`, `updated_at`) VALUES (79, 50, 3, '2021-01-08 23:56:48', '2019-02-22 13:58:01', '2015-02-02 15:47:35', '2020-05-27 07:50:38');
INSERT INTO `friendship` (`user_id`, `friend_id`, `friendship_status_id`, `requested_at`, `confirmed_at`, `created_at`, `updated_at`) VALUES (80, 25, 1, '2012-07-28 05:22:23', '2017-06-03 02:21:01', '2020-08-25 00:48:05', '2020-11-13 22:31:17');
INSERT INTO `friendship` (`user_id`, `friend_id`, `friendship_status_id`, `requested_at`, `confirmed_at`, `created_at`, `updated_at`) VALUES (81, 57, 2, '2018-07-03 07:19:41', '2012-04-01 09:02:14', '2016-01-05 10:45:49', '2020-09-09 22:37:20');
INSERT INTO `friendship` (`user_id`, `friend_id`, `friendship_status_id`, `requested_at`, `confirmed_at`, `created_at`, `updated_at`) VALUES (82, 37, 2, '2012-09-15 04:05:09', '2012-10-08 10:14:53', '2013-06-18 19:51:16', '2020-04-18 13:49:54');
INSERT INTO `friendship` (`user_id`, `friend_id`, `friendship_status_id`, `requested_at`, `confirmed_at`, `created_at`, `updated_at`) VALUES (83, 57, 1, '2017-11-28 09:36:37', '2011-08-13 11:16:19', '2015-02-03 20:57:29', '2021-03-10 09:31:03');
INSERT INTO `friendship` (`user_id`, `friend_id`, `friendship_status_id`, `requested_at`, `confirmed_at`, `created_at`, `updated_at`) VALUES (84, 48, 2, '2014-09-20 15:34:55', '2019-09-18 11:54:30', '2012-04-22 05:31:43', '2020-11-12 09:25:38');
INSERT INTO `friendship` (`user_id`, `friend_id`, `friendship_status_id`, `requested_at`, `confirmed_at`, `created_at`, `updated_at`) VALUES (85, 45, 2, '2014-11-05 02:08:45', '2018-08-08 15:54:13', '2018-03-17 21:21:38', '2020-05-02 18:21:03');
INSERT INTO `friendship` (`user_id`, `friend_id`, `friendship_status_id`, `requested_at`, `confirmed_at`, `created_at`, `updated_at`) VALUES (86, 69, 3, '2014-06-24 22:06:09', '2013-05-14 13:57:26', '2011-07-24 00:40:55', '2020-04-10 03:31:03');
INSERT INTO `friendship` (`user_id`, `friend_id`, `friendship_status_id`, `requested_at`, `confirmed_at`, `created_at`, `updated_at`) VALUES (87, 79, 2, '2012-02-23 14:45:07', '2017-09-13 22:54:15', '2013-07-30 20:28:40', '2020-06-20 18:55:54');
INSERT INTO `friendship` (`user_id`, `friend_id`, `friendship_status_id`, `requested_at`, `confirmed_at`, `created_at`, `updated_at`) VALUES (88, 41, 1, '2019-06-12 08:37:24', '2016-11-20 22:28:45', '2020-11-02 08:08:27', '2020-08-28 12:42:48');
INSERT INTO `friendship` (`user_id`, `friend_id`, `friendship_status_id`, `requested_at`, `confirmed_at`, `created_at`, `updated_at`) VALUES (89, 18, 1, '2014-12-23 05:47:42', '2012-08-02 11:33:21', '2012-06-05 01:18:31', '2021-01-01 07:03:49');
INSERT INTO `friendship` (`user_id`, `friend_id`, `friendship_status_id`, `requested_at`, `confirmed_at`, `created_at`, `updated_at`) VALUES (90, 87, 1, '2011-11-27 08:47:50', '2015-08-08 04:38:37', '2020-11-03 21:07:25', '2020-07-07 03:18:36');
INSERT INTO `friendship` (`user_id`, `friend_id`, `friendship_status_id`, `requested_at`, `confirmed_at`, `created_at`, `updated_at`) VALUES (91, 7, 2, '2020-09-28 03:13:22', '2016-12-27 07:03:46', '2019-07-11 22:07:39', '2020-07-17 18:47:33');
INSERT INTO `friendship` (`user_id`, `friend_id`, `friendship_status_id`, `requested_at`, `confirmed_at`, `created_at`, `updated_at`) VALUES (92, 31, 2, '2018-08-01 17:59:11', '2013-08-10 12:08:06', '2014-02-28 08:01:19', '2020-07-23 17:06:18');
INSERT INTO `friendship` (`user_id`, `friend_id`, `friendship_status_id`, `requested_at`, `confirmed_at`, `created_at`, `updated_at`) VALUES (93, 11, 2, '2014-05-15 01:53:57', '2017-11-19 06:50:44', '2017-12-12 01:43:21', '2020-05-29 07:21:21');
INSERT INTO `friendship` (`user_id`, `friend_id`, `friendship_status_id`, `requested_at`, `confirmed_at`, `created_at`, `updated_at`) VALUES (94, 47, 3, '2011-06-08 11:04:51', '2014-03-22 13:47:33', '2016-10-10 14:24:57', '2021-01-02 00:40:01');
INSERT INTO `friendship` (`user_id`, `friend_id`, `friendship_status_id`, `requested_at`, `confirmed_at`, `created_at`, `updated_at`) VALUES (95, 45, 1, '2019-03-01 16:53:36', '2018-02-03 01:53:40', '2017-10-21 06:38:07', '2020-05-02 19:28:39');
INSERT INTO `friendship` (`user_id`, `friend_id`, `friendship_status_id`, `requested_at`, `confirmed_at`, `created_at`, `updated_at`) VALUES (96, 13, 2, '2011-11-02 12:14:25', '2019-08-10 12:29:34', '2016-01-31 00:42:42', '2021-02-16 11:43:44');
INSERT INTO `friendship` (`user_id`, `friend_id`, `friendship_status_id`, `requested_at`, `confirmed_at`, `created_at`, `updated_at`) VALUES (97, 60, 2, '2014-08-18 19:46:24', '2020-10-14 06:17:37', '2016-06-03 09:38:07', '2020-06-04 17:22:52');
INSERT INTO `friendship` (`user_id`, `friend_id`, `friendship_status_id`, `requested_at`, `confirmed_at`, `created_at`, `updated_at`) VALUES (98, 24, 2, '2019-10-17 22:39:10', '2012-10-01 23:46:35', '2017-11-30 15:42:40', '2020-10-11 11:07:51');
INSERT INTO `friendship` (`user_id`, `friend_id`, `friendship_status_id`, `requested_at`, `confirmed_at`, `created_at`, `updated_at`) VALUES (99, 56, 1, '2020-03-07 04:50:29', '2017-04-14 22:45:48', '2015-03-22 02:28:19', '2020-11-17 13:56:30');
INSERT INTO `friendship` (`user_id`, `friend_id`, `friendship_status_id`, `requested_at`, `confirmed_at`, `created_at`, `updated_at`) VALUES (100, 77, 1, '2017-03-04 20:35:00', '2018-05-28 08:38:29', '2015-08-07 17:02:39', '2020-08-13 16:59:44');


INSERT INTO `media` (`id`, `user_id`, `filename`, `size`, `created_at`, `updated_at`) VALUES (1, 8, 'nihil', 2562, '2020-09-09 10:37:28', '2020-06-02 18:56:29');
INSERT INTO `media` (`id`, `user_id`, `filename`, `size`, `created_at`, `updated_at`) VALUES (2, 33, 'ex', 1142, '2020-09-05 11:48:28', '2020-09-29 21:48:28');
INSERT INTO `media` (`id`, `user_id`, `filename`, `size`, `created_at`, `updated_at`) VALUES (3, 32, 'voluptatem', 1835, '2020-09-07 01:26:26', '2020-04-27 09:46:39');
INSERT INTO `media` (`id`, `user_id`, `filename`, `size`, `created_at`, `updated_at`) VALUES (4, 69, 'et', 1701, '2021-02-27 19:47:02', '2020-12-14 17:06:42');
INSERT INTO `media` (`id`, `user_id`, `filename`, `size`, `created_at`, `updated_at`) VALUES (5, 33, 'odio', 1587, '2020-06-20 10:52:24', '2021-03-16 17:54:30');
INSERT INTO `media` (`id`, `user_id`, `filename`, `size`, `created_at`, `updated_at`) VALUES (6, 99, 'quo', 2344, '2020-12-07 03:28:10', '2020-12-06 08:57:05');
INSERT INTO `media` (`id`, `user_id`, `filename`, `size`, `created_at`, `updated_at`) VALUES (7, 62, 'quia', 2356, '2020-06-04 03:51:25', '2020-11-25 05:44:53');
INSERT INTO `media` (`id`, `user_id`, `filename`, `size`, `created_at`, `updated_at`) VALUES (8, 57, 'voluptate', 2435, '2020-05-24 17:11:51', '2021-01-21 17:22:38');
INSERT INTO `media` (`id`, `user_id`, `filename`, `size`, `created_at`, `updated_at`) VALUES (9, 93, 'magnam', 2306, '2020-05-15 08:36:30', '2020-07-09 23:50:54');
INSERT INTO `media` (`id`, `user_id`, `filename`, `size`, `created_at`, `updated_at`) VALUES (10, 36, 'velit', 1265, '2020-04-21 08:22:14', '2020-07-09 10:54:29');
INSERT INTO `media` (`id`, `user_id`, `filename`, `size`, `created_at`, `updated_at`) VALUES (11, 56, 'dolorum', 2035, '2020-12-05 14:18:41', '2020-05-11 23:52:15');
INSERT INTO `media` (`id`, `user_id`, `filename`, `size`, `created_at`, `updated_at`) VALUES (12, 44, 'et', 2999, '2020-12-27 16:50:25', '2020-11-26 19:13:10');
INSERT INTO `media` (`id`, `user_id`, `filename`, `size`, `created_at`, `updated_at`) VALUES (13, 39, 'optio', 2620, '2020-09-14 19:16:13', '2020-06-11 18:15:32');
INSERT INTO `media` (`id`, `user_id`, `filename`, `size`, `created_at`, `updated_at`) VALUES (14, 93, 'ut', 2744, '2020-04-01 07:05:35', '2020-09-25 11:28:33');
INSERT INTO `media` (`id`, `user_id`, `filename`, `size`, `created_at`, `updated_at`) VALUES (15, 1, 'rerum', 2858, '2021-02-22 15:13:29', '2020-11-27 15:45:47');
INSERT INTO `media` (`id`, `user_id`, `filename`, `size`, `created_at`, `updated_at`) VALUES (16, 98, 'excepturi', 1438, '2020-11-23 04:12:56', '2020-11-14 21:03:53');
INSERT INTO `media` (`id`, `user_id`, `filename`, `size`, `created_at`, `updated_at`) VALUES (17, 48, 'sequi', 1705, '2021-02-24 08:35:12', '2020-05-09 08:00:47');
INSERT INTO `media` (`id`, `user_id`, `filename`, `size`, `created_at`, `updated_at`) VALUES (18, 48, 'fuga', 696, '2021-03-07 22:16:46', '2020-11-15 02:12:29');
INSERT INTO `media` (`id`, `user_id`, `filename`, `size`, `created_at`, `updated_at`) VALUES (19, 27, 'error', 1683, '2020-04-05 05:39:36', '2020-11-16 03:56:34');
INSERT INTO `media` (`id`, `user_id`, `filename`, `size`, `created_at`, `updated_at`) VALUES (20, 43, 'ut', 2652, '2021-01-23 12:31:52', '2021-03-01 15:21:06');
INSERT INTO `media` (`id`, `user_id`, `filename`, `size`, `created_at`, `updated_at`) VALUES (21, 8, 'tempore', 955, '2021-02-10 06:41:25', '2020-05-28 05:52:56');
INSERT INTO `media` (`id`, `user_id`, `filename`, `size`, `created_at`, `updated_at`) VALUES (22, 7, 'dolor', 2392, '2020-06-13 06:36:35', '2020-12-26 22:29:20');
INSERT INTO `media` (`id`, `user_id`, `filename`, `size`, `created_at`, `updated_at`) VALUES (23, 41, 'ex', 2180, '2020-07-10 06:53:21', '2020-08-03 10:25:30');
INSERT INTO `media` (`id`, `user_id`, `filename`, `size`, `created_at`, `updated_at`) VALUES (24, 68, 'quam', 1743, '2020-07-01 04:42:21', '2020-03-29 17:36:29');
INSERT INTO `media` (`id`, `user_id`, `filename`, `size`, `created_at`, `updated_at`) VALUES (25, 10, 'blanditiis', 946, '2020-04-15 21:36:07', '2020-05-10 02:51:40');
INSERT INTO `media` (`id`, `user_id`, `filename`, `size`, `created_at`, `updated_at`) VALUES (26, 44, 'dolore', 2298, '2021-02-18 21:58:53', '2021-02-25 03:55:38');
INSERT INTO `media` (`id`, `user_id`, `filename`, `size`, `created_at`, `updated_at`) VALUES (27, 92, 'delectus', 1258, '2021-03-09 13:01:56', '2020-09-26 02:22:00');
INSERT INTO `media` (`id`, `user_id`, `filename`, `size`, `created_at`, `updated_at`) VALUES (28, 3, 'sit', 2362, '2020-06-19 08:20:08', '2020-09-24 17:18:07');
INSERT INTO `media` (`id`, `user_id`, `filename`, `size`, `created_at`, `updated_at`) VALUES (29, 88, 'dolorem', 2317, '2020-12-12 03:06:28', '2021-02-18 00:44:21');
INSERT INTO `media` (`id`, `user_id`, `filename`, `size`, `created_at`, `updated_at`) VALUES (30, 4, 'natus', 1536, '2020-03-27 07:29:28', '2021-01-07 02:58:00');
INSERT INTO `media` (`id`, `user_id`, `filename`, `size`, `created_at`, `updated_at`) VALUES (31, 19, 'iste', 2602, '2020-03-26 01:09:10', '2020-12-07 07:57:58');
INSERT INTO `media` (`id`, `user_id`, `filename`, `size`, `created_at`, `updated_at`) VALUES (32, 69, 'voluptatem', 903, '2020-11-28 12:58:19', '2020-12-17 12:12:05');
INSERT INTO `media` (`id`, `user_id`, `filename`, `size`, `created_at`, `updated_at`) VALUES (33, 87, 'et', 1012, '2021-02-26 08:07:22', '2020-10-31 05:56:51');
INSERT INTO `media` (`id`, `user_id`, `filename`, `size`, `created_at`, `updated_at`) VALUES (34, 55, 'impedit', 1659, '2020-10-17 08:23:41', '2020-04-21 14:16:46');
INSERT INTO `media` (`id`, `user_id`, `filename`, `size`, `created_at`, `updated_at`) VALUES (35, 13, 'modi', 593, '2021-02-04 16:18:15', '2020-10-22 09:38:19');
INSERT INTO `media` (`id`, `user_id`, `filename`, `size`, `created_at`, `updated_at`) VALUES (36, 23, 'aut', 789, '2020-06-21 06:48:36', '2021-01-14 09:41:41');
INSERT INTO `media` (`id`, `user_id`, `filename`, `size`, `created_at`, `updated_at`) VALUES (37, 83, 'voluptatem', 1437, '2020-03-24 16:58:01', '2021-01-30 18:41:59');
INSERT INTO `media` (`id`, `user_id`, `filename`, `size`, `created_at`, `updated_at`) VALUES (38, 55, 'non', 730, '2021-01-30 15:43:57', '2020-12-10 21:40:10');
INSERT INTO `media` (`id`, `user_id`, `filename`, `size`, `created_at`, `updated_at`) VALUES (39, 68, 'aut', 2298, '2020-11-18 17:22:04', '2020-05-07 13:57:43');
INSERT INTO `media` (`id`, `user_id`, `filename`, `size`, `created_at`, `updated_at`) VALUES (40, 57, 'quidem', 919, '2020-12-09 22:33:30', '2021-03-07 09:06:59');
INSERT INTO `media` (`id`, `user_id`, `filename`, `size`, `created_at`, `updated_at`) VALUES (41, 99, 'quia', 1700, '2020-07-16 08:35:27', '2020-11-12 09:21:11');
INSERT INTO `media` (`id`, `user_id`, `filename`, `size`, `created_at`, `updated_at`) VALUES (42, 31, 'veniam', 1282, '2021-02-21 01:50:25', '2020-09-30 03:23:31');
INSERT INTO `media` (`id`, `user_id`, `filename`, `size`, `created_at`, `updated_at`) VALUES (43, 90, 'animi', 2115, '2020-10-07 23:17:54', '2020-03-29 13:03:24');
INSERT INTO `media` (`id`, `user_id`, `filename`, `size`, `created_at`, `updated_at`) VALUES (44, 96, 'qui', 1021, '2021-01-25 01:38:46', '2020-04-10 06:52:38');
INSERT INTO `media` (`id`, `user_id`, `filename`, `size`, `created_at`, `updated_at`) VALUES (45, 37, 'qui', 1517, '2020-08-25 08:32:39', '2020-08-20 12:18:49');
INSERT INTO `media` (`id`, `user_id`, `filename`, `size`, `created_at`, `updated_at`) VALUES (46, 94, 'quaerat', 2284, '2020-03-25 10:16:53', '2020-12-28 13:04:01');
INSERT INTO `media` (`id`, `user_id`, `filename`, `size`, `created_at`, `updated_at`) VALUES (47, 84, 'sed', 787, '2020-05-11 11:36:27', '2021-02-28 14:37:06');
INSERT INTO `media` (`id`, `user_id`, `filename`, `size`, `created_at`, `updated_at`) VALUES (48, 77, 'expedita', 2621, '2020-09-15 08:23:25', '2020-04-08 14:13:32');
INSERT INTO `media` (`id`, `user_id`, `filename`, `size`, `created_at`, `updated_at`) VALUES (49, 85, 'deleniti', 2528, '2020-04-10 12:15:47', '2020-07-11 11:38:29');
INSERT INTO `media` (`id`, `user_id`, `filename`, `size`, `created_at`, `updated_at`) VALUES (50, 80, 'nemo', 603, '2020-04-01 19:26:09', '2021-03-10 07:55:47');
INSERT INTO `media` (`id`, `user_id`, `filename`, `size`, `created_at`, `updated_at`) VALUES (51, 92, 'porro', 2229, '2020-08-11 14:02:47', '2020-04-12 21:16:11');
INSERT INTO `media` (`id`, `user_id`, `filename`, `size`, `created_at`, `updated_at`) VALUES (52, 47, 'vel', 2551, '2021-01-21 06:01:56', '2021-01-17 17:44:55');
INSERT INTO `media` (`id`, `user_id`, `filename`, `size`, `created_at`, `updated_at`) VALUES (53, 78, 'consequatur', 2488, '2020-05-30 19:00:03', '2020-10-27 07:55:23');
INSERT INTO `media` (`id`, `user_id`, `filename`, `size`, `created_at`, `updated_at`) VALUES (54, 18, 'vero', 1663, '2020-07-29 12:08:37', '2020-10-07 06:50:01');
INSERT INTO `media` (`id`, `user_id`, `filename`, `size`, `created_at`, `updated_at`) VALUES (55, 22, 'at', 1006, '2020-07-30 14:55:50', '2021-03-02 09:04:38');
INSERT INTO `media` (`id`, `user_id`, `filename`, `size`, `created_at`, `updated_at`) VALUES (56, 25, 'exercitationem', 1537, '2020-04-01 20:38:11', '2020-07-15 10:45:58');
INSERT INTO `media` (`id`, `user_id`, `filename`, `size`, `created_at`, `updated_at`) VALUES (57, 46, 'rerum', 1786, '2020-07-12 11:21:15', '2020-04-19 02:22:30');
INSERT INTO `media` (`id`, `user_id`, `filename`, `size`, `created_at`, `updated_at`) VALUES (58, 34, 'voluptatibus', 1099, '2021-02-11 04:56:45', '2020-11-01 23:31:20');
INSERT INTO `media` (`id`, `user_id`, `filename`, `size`, `created_at`, `updated_at`) VALUES (59, 44, 'eum', 1788, '2020-05-28 16:37:45', '2020-07-16 00:38:39');
INSERT INTO `media` (`id`, `user_id`, `filename`, `size`, `created_at`, `updated_at`) VALUES (60, 4, 'id', 2280, '2020-09-04 19:24:54', '2020-09-12 09:34:05');
INSERT INTO `media` (`id`, `user_id`, `filename`, `size`, `created_at`, `updated_at`) VALUES (61, 12, 'veritatis', 1957, '2020-11-07 13:04:30', '2020-12-15 14:16:40');
INSERT INTO `media` (`id`, `user_id`, `filename`, `size`, `created_at`, `updated_at`) VALUES (62, 2, 'magni', 2032, '2020-06-14 16:00:31', '2021-03-04 09:30:40');
INSERT INTO `media` (`id`, `user_id`, `filename`, `size`, `created_at`, `updated_at`) VALUES (63, 80, 'qui', 2487, '2021-03-05 08:36:20', '2020-09-12 12:40:54');
INSERT INTO `media` (`id`, `user_id`, `filename`, `size`, `created_at`, `updated_at`) VALUES (64, 68, 'inventore', 1365, '2020-06-25 01:29:37', '2020-06-24 03:05:56');
INSERT INTO `media` (`id`, `user_id`, `filename`, `size`, `created_at`, `updated_at`) VALUES (65, 94, 'quam', 2609, '2020-08-01 14:41:30', '2020-12-03 01:52:24');
INSERT INTO `media` (`id`, `user_id`, `filename`, `size`, `created_at`, `updated_at`) VALUES (66, 70, 'natus', 965, '2020-06-20 18:39:50', '2020-07-21 12:29:33');
INSERT INTO `media` (`id`, `user_id`, `filename`, `size`, `created_at`, `updated_at`) VALUES (67, 33, 'occaecati', 2068, '2021-01-19 17:40:51', '2020-06-17 15:55:27');
INSERT INTO `media` (`id`, `user_id`, `filename`, `size`, `created_at`, `updated_at`) VALUES (68, 82, 'inventore', 2173, '2020-07-28 06:34:19', '2020-04-05 23:28:06');
INSERT INTO `media` (`id`, `user_id`, `filename`, `size`, `created_at`, `updated_at`) VALUES (69, 81, 'harum', 2308, '2020-09-18 18:22:06', '2020-11-13 11:09:17');
INSERT INTO `media` (`id`, `user_id`, `filename`, `size`, `created_at`, `updated_at`) VALUES (70, 83, 'quaerat', 1168, '2020-09-02 05:30:33', '2020-07-05 05:01:25');
INSERT INTO `media` (`id`, `user_id`, `filename`, `size`, `created_at`, `updated_at`) VALUES (71, 67, 'ipsam', 783, '2020-10-11 21:07:13', '2020-06-19 20:48:03');
INSERT INTO `media` (`id`, `user_id`, `filename`, `size`, `created_at`, `updated_at`) VALUES (72, 47, 'suscipit', 1462, '2020-10-23 04:14:45', '2020-03-30 09:41:47');
INSERT INTO `media` (`id`, `user_id`, `filename`, `size`, `created_at`, `updated_at`) VALUES (73, 69, 'et', 1475, '2020-08-19 17:31:15', '2020-05-08 06:11:48');
INSERT INTO `media` (`id`, `user_id`, `filename`, `size`, `created_at`, `updated_at`) VALUES (74, 70, 'ipsa', 2760, '2020-12-18 13:20:47', '2020-09-05 23:00:20');
INSERT INTO `media` (`id`, `user_id`, `filename`, `size`, `created_at`, `updated_at`) VALUES (75, 90, 'repudiandae', 627, '2020-11-10 11:33:59', '2020-05-30 01:01:34');
INSERT INTO `media` (`id`, `user_id`, `filename`, `size`, `created_at`, `updated_at`) VALUES (76, 48, 'sapiente', 1293, '2020-09-14 14:16:02', '2020-09-09 17:09:47');
INSERT INTO `media` (`id`, `user_id`, `filename`, `size`, `created_at`, `updated_at`) VALUES (77, 44, 'vel', 2207, '2020-09-01 12:11:32', '2021-01-27 10:35:14');
INSERT INTO `media` (`id`, `user_id`, `filename`, `size`, `created_at`, `updated_at`) VALUES (78, 46, 'maiores', 2846, '2020-04-24 08:12:22', '2020-07-13 06:52:02');
INSERT INTO `media` (`id`, `user_id`, `filename`, `size`, `created_at`, `updated_at`) VALUES (79, 30, 'neque', 1986, '2020-09-16 06:27:38', '2020-04-08 10:31:11');
INSERT INTO `media` (`id`, `user_id`, `filename`, `size`, `created_at`, `updated_at`) VALUES (80, 56, 'eum', 2540, '2020-05-15 01:04:54', '2020-10-04 11:07:03');
INSERT INTO `media` (`id`, `user_id`, `filename`, `size`, `created_at`, `updated_at`) VALUES (81, 1, 'quisquam', 1717, '2020-09-22 06:20:14', '2020-10-17 07:53:19');
INSERT INTO `media` (`id`, `user_id`, `filename`, `size`, `created_at`, `updated_at`) VALUES (82, 52, 'aut', 1116, '2020-05-13 06:00:19', '2020-08-26 22:23:38');
INSERT INTO `media` (`id`, `user_id`, `filename`, `size`, `created_at`, `updated_at`) VALUES (83, 85, 'quibusdam', 886, '2021-01-06 13:38:12', '2020-10-21 07:30:07');
INSERT INTO `media` (`id`, `user_id`, `filename`, `size`, `created_at`, `updated_at`) VALUES (84, 10, 'porro', 1323, '2020-06-30 05:39:03', '2021-01-07 10:35:32');
INSERT INTO `media` (`id`, `user_id`, `filename`, `size`, `created_at`, `updated_at`) VALUES (85, 89, 'aut', 1545, '2020-07-25 22:21:15', '2020-11-26 17:31:47');
INSERT INTO `media` (`id`, `user_id`, `filename`, `size`, `created_at`, `updated_at`) VALUES (86, 74, 'quia', 2837, '2020-11-20 05:49:06', '2020-08-21 01:15:00');
INSERT INTO `media` (`id`, `user_id`, `filename`, `size`, `created_at`, `updated_at`) VALUES (87, 80, 'amet', 2376, '2020-10-15 22:35:30', '2021-02-06 19:13:08');
INSERT INTO `media` (`id`, `user_id`, `filename`, `size`, `created_at`, `updated_at`) VALUES (88, 37, 'veritatis', 942, '2020-09-14 23:41:48', '2021-02-05 22:00:08');
INSERT INTO `media` (`id`, `user_id`, `filename`, `size`, `created_at`, `updated_at`) VALUES (89, 43, 'molestias', 2057, '2021-02-06 13:18:07', '2020-11-09 19:23:17');
INSERT INTO `media` (`id`, `user_id`, `filename`, `size`, `created_at`, `updated_at`) VALUES (90, 23, 'minus', 874, '2020-12-30 15:02:43', '2020-10-26 18:09:15');
INSERT INTO `media` (`id`, `user_id`, `filename`, `size`, `created_at`, `updated_at`) VALUES (91, 49, 'perspiciatis', 2623, '2021-01-26 16:07:16', '2020-06-30 07:23:17');
INSERT INTO `media` (`id`, `user_id`, `filename`, `size`, `created_at`, `updated_at`) VALUES (92, 29, 'labore', 869, '2020-11-27 09:25:29', '2020-10-27 05:44:07');
INSERT INTO `media` (`id`, `user_id`, `filename`, `size`, `created_at`, `updated_at`) VALUES (93, 70, 'ex', 1104, '2020-04-10 19:27:36', '2020-12-29 21:24:53');
INSERT INTO `media` (`id`, `user_id`, `filename`, `size`, `created_at`, `updated_at`) VALUES (94, 68, 'sint', 2752, '2020-08-28 06:10:32', '2020-10-09 06:16:59');
INSERT INTO `media` (`id`, `user_id`, `filename`, `size`, `created_at`, `updated_at`) VALUES (95, 7, 'quis', 2208, '2020-10-03 16:02:02', '2020-08-04 17:38:23');
INSERT INTO `media` (`id`, `user_id`, `filename`, `size`, `created_at`, `updated_at`) VALUES (96, 48, 'nihil', 2441, '2020-11-04 23:16:39', '2021-01-08 11:52:21');
INSERT INTO `media` (`id`, `user_id`, `filename`, `size`, `created_at`, `updated_at`) VALUES (97, 99, 'voluptatum', 2356, '2020-07-21 15:54:13', '2020-12-10 00:57:12');
INSERT INTO `media` (`id`, `user_id`, `filename`, `size`, `created_at`, `updated_at`) VALUES (98, 35, 'et', 2193, '2021-03-09 15:19:18', '2020-09-23 12:07:42');
INSERT INTO `media` (`id`, `user_id`, `filename`, `size`, `created_at`, `updated_at`) VALUES (99, 63, 'consequatur', 1762, '2020-12-31 17:40:49', '2020-10-05 02:46:36');
INSERT INTO `media` (`id`, `user_id`, `filename`, `size`, `created_at`, `updated_at`) VALUES (100, 69, 'sint', 1434, '2020-07-26 21:52:08', '2020-07-28 00:38:42');
INSERT INTO `media` (`id`, `user_id`, `filename`, `size`, `created_at`, `updated_at`) VALUES (101, 39, 'soluta', 1115, '2020-08-02 08:31:15', '2020-05-30 04:32:07');
INSERT INTO `media` (`id`, `user_id`, `filename`, `size`, `created_at`, `updated_at`) VALUES (102, 1, 'animi', 524, '2021-01-20 13:34:21', '2021-03-04 22:23:31');
INSERT INTO `media` (`id`, `user_id`, `filename`, `size`, `created_at`, `updated_at`) VALUES (103, 27, 'sed', 1256, '2020-04-16 18:17:13', '2021-01-31 05:39:06');
INSERT INTO `media` (`id`, `user_id`, `filename`, `size`, `created_at`, `updated_at`) VALUES (104, 11, 'quis', 2160, '2020-12-12 10:01:15', '2021-02-12 00:28:28');
INSERT INTO `media` (`id`, `user_id`, `filename`, `size`, `created_at`, `updated_at`) VALUES (105, 86, 'nostrum', 814, '2020-12-01 17:06:40', '2020-04-28 17:40:10');
INSERT INTO `media` (`id`, `user_id`, `filename`, `size`, `created_at`, `updated_at`) VALUES (106, 43, 'tenetur', 1014, '2020-04-24 05:06:49', '2021-01-03 00:12:41');
INSERT INTO `media` (`id`, `user_id`, `filename`, `size`, `created_at`, `updated_at`) VALUES (107, 92, 'facere', 2640, '2020-12-02 21:19:18', '2020-08-21 23:37:26');
INSERT INTO `media` (`id`, `user_id`, `filename`, `size`, `created_at`, `updated_at`) VALUES (108, 60, 'tempore', 2178, '2020-06-10 04:40:26', '2020-10-21 05:16:16');
INSERT INTO `media` (`id`, `user_id`, `filename`, `size`, `created_at`, `updated_at`) VALUES (109, 10, 'cupiditate', 861, '2021-02-17 08:45:27', '2020-10-24 00:52:55');
INSERT INTO `media` (`id`, `user_id`, `filename`, `size`, `created_at`, `updated_at`) VALUES (110, 21, 'voluptas', 816, '2020-04-14 03:44:45', '2020-12-16 19:05:40');
INSERT INTO `media` (`id`, `user_id`, `filename`, `size`, `created_at`, `updated_at`) VALUES (111, 4, 'minus', 1286, '2020-04-11 18:13:37', '2021-02-28 09:33:26');
INSERT INTO `media` (`id`, `user_id`, `filename`, `size`, `created_at`, `updated_at`) VALUES (112, 79, 'dicta', 942, '2020-08-28 12:10:26', '2020-11-20 17:56:06');
INSERT INTO `media` (`id`, `user_id`, `filename`, `size`, `created_at`, `updated_at`) VALUES (113, 65, 'aut', 2883, '2020-11-20 08:49:15', '2020-05-02 08:21:38');
INSERT INTO `media` (`id`, `user_id`, `filename`, `size`, `created_at`, `updated_at`) VALUES (114, 94, 'molestiae', 651, '2021-01-24 11:50:38', '2020-10-05 05:23:48');
INSERT INTO `media` (`id`, `user_id`, `filename`, `size`, `created_at`, `updated_at`) VALUES (115, 86, 'exercitationem', 545, '2020-04-19 13:24:20', '2020-03-21 16:56:43');
INSERT INTO `media` (`id`, `user_id`, `filename`, `size`, `created_at`, `updated_at`) VALUES (116, 31, 'reprehenderit', 1485, '2021-01-31 11:15:46', '2020-11-27 06:08:53');
INSERT INTO `media` (`id`, `user_id`, `filename`, `size`, `created_at`, `updated_at`) VALUES (117, 2, 'voluptatibus', 568, '2021-01-31 10:24:24', '2020-05-18 00:55:41');
INSERT INTO `media` (`id`, `user_id`, `filename`, `size`, `created_at`, `updated_at`) VALUES (118, 15, 'nihil', 2240, '2020-07-10 15:14:10', '2021-03-02 05:01:08');
INSERT INTO `media` (`id`, `user_id`, `filename`, `size`, `created_at`, `updated_at`) VALUES (119, 31, 'enim', 564, '2020-11-25 01:26:57', '2021-01-14 08:07:18');
INSERT INTO `media` (`id`, `user_id`, `filename`, `size`, `created_at`, `updated_at`) VALUES (120, 98, 'iure', 2178, '2020-03-27 21:14:29', '2021-02-23 11:54:33');
INSERT INTO `media` (`id`, `user_id`, `filename`, `size`, `created_at`, `updated_at`) VALUES (121, 9, 'eligendi', 2973, '2021-03-18 06:38:44', '2021-02-06 02:22:25');
INSERT INTO `media` (`id`, `user_id`, `filename`, `size`, `created_at`, `updated_at`) VALUES (122, 63, 'quibusdam', 1423, '2021-02-06 19:40:39', '2020-08-16 22:16:30');
INSERT INTO `media` (`id`, `user_id`, `filename`, `size`, `created_at`, `updated_at`) VALUES (123, 97, 'tempora', 1934, '2020-03-23 23:14:54', '2020-05-01 06:17:37');
INSERT INTO `media` (`id`, `user_id`, `filename`, `size`, `created_at`, `updated_at`) VALUES (124, 99, 'aliquid', 1095, '2020-11-29 17:06:33', '2020-10-23 17:33:07');
INSERT INTO `media` (`id`, `user_id`, `filename`, `size`, `created_at`, `updated_at`) VALUES (125, 22, 'dolores', 1359, '2020-06-14 07:17:14', '2020-10-27 15:23:04');
INSERT INTO `media` (`id`, `user_id`, `filename`, `size`, `created_at`, `updated_at`) VALUES (126, 78, 'incidunt', 2878, '2020-12-23 15:57:28', '2020-12-20 05:38:37');
INSERT INTO `media` (`id`, `user_id`, `filename`, `size`, `created_at`, `updated_at`) VALUES (127, 15, 'maiores', 2491, '2020-04-16 04:48:59', '2020-07-27 20:09:36');
INSERT INTO `media` (`id`, `user_id`, `filename`, `size`, `created_at`, `updated_at`) VALUES (128, 31, 'recusandae', 1178, '2020-10-07 11:44:01', '2020-11-04 01:37:38');
INSERT INTO `media` (`id`, `user_id`, `filename`, `size`, `created_at`, `updated_at`) VALUES (129, 36, 'labore', 1846, '2020-12-03 12:43:53', '2020-08-27 22:55:55');
INSERT INTO `media` (`id`, `user_id`, `filename`, `size`, `created_at`, `updated_at`) VALUES (130, 83, 'consequuntur', 2616, '2020-12-07 19:06:03', '2020-06-28 04:53:47');
INSERT INTO `media` (`id`, `user_id`, `filename`, `size`, `created_at`, `updated_at`) VALUES (131, 23, 'quas', 1909, '2021-03-13 21:14:38', '2020-08-24 00:22:17');
INSERT INTO `media` (`id`, `user_id`, `filename`, `size`, `created_at`, `updated_at`) VALUES (132, 56, 'molestiae', 2335, '2020-12-17 23:40:06', '2020-11-22 20:16:39');
INSERT INTO `media` (`id`, `user_id`, `filename`, `size`, `created_at`, `updated_at`) VALUES (133, 96, 'dignissimos', 2971, '2020-08-30 13:09:48', '2021-02-13 08:03:45');
INSERT INTO `media` (`id`, `user_id`, `filename`, `size`, `created_at`, `updated_at`) VALUES (134, 94, 'voluptate', 1307, '2021-01-28 01:40:16', '2021-01-21 02:43:38');
INSERT INTO `media` (`id`, `user_id`, `filename`, `size`, `created_at`, `updated_at`) VALUES (135, 73, 'facere', 994, '2020-07-13 07:05:02', '2020-06-21 05:48:20');
INSERT INTO `media` (`id`, `user_id`, `filename`, `size`, `created_at`, `updated_at`) VALUES (136, 52, 'officiis', 1917, '2020-09-13 06:44:22', '2020-11-30 20:23:55');
INSERT INTO `media` (`id`, `user_id`, `filename`, `size`, `created_at`, `updated_at`) VALUES (137, 82, 'quam', 1238, '2020-04-03 01:37:12', '2020-10-08 01:10:23');
INSERT INTO `media` (`id`, `user_id`, `filename`, `size`, `created_at`, `updated_at`) VALUES (138, 92, 'quis', 1923, '2020-04-25 11:08:01', '2020-05-26 12:01:11');
INSERT INTO `media` (`id`, `user_id`, `filename`, `size`, `created_at`, `updated_at`) VALUES (139, 2, 'est', 2598, '2020-12-28 01:22:29', '2020-11-08 02:31:52');
INSERT INTO `media` (`id`, `user_id`, `filename`, `size`, `created_at`, `updated_at`) VALUES (140, 82, 'velit', 2247, '2020-09-19 04:23:53', '2020-10-12 23:32:03');
INSERT INTO `media` (`id`, `user_id`, `filename`, `size`, `created_at`, `updated_at`) VALUES (141, 87, 'non', 1504, '2020-05-27 05:35:26', '2020-09-12 04:44:09');
INSERT INTO `media` (`id`, `user_id`, `filename`, `size`, `created_at`, `updated_at`) VALUES (142, 5, 'numquam', 2247, '2020-04-01 13:09:49', '2020-07-03 05:19:00');
INSERT INTO `media` (`id`, `user_id`, `filename`, `size`, `created_at`, `updated_at`) VALUES (143, 74, 'mollitia', 2026, '2020-04-10 14:52:32', '2020-11-03 12:34:14');
INSERT INTO `media` (`id`, `user_id`, `filename`, `size`, `created_at`, `updated_at`) VALUES (144, 32, 'molestiae', 1864, '2020-07-14 02:29:56', '2020-11-09 16:00:42');
INSERT INTO `media` (`id`, `user_id`, `filename`, `size`, `created_at`, `updated_at`) VALUES (145, 41, 'et', 597, '2020-08-07 14:15:08', '2020-05-09 13:56:30');
INSERT INTO `media` (`id`, `user_id`, `filename`, `size`, `created_at`, `updated_at`) VALUES (146, 21, 'fugit', 1611, '2021-03-07 06:35:32', '2020-08-13 20:26:40');
INSERT INTO `media` (`id`, `user_id`, `filename`, `size`, `created_at`, `updated_at`) VALUES (147, 79, 'tempore', 559, '2020-06-17 13:51:37', '2020-06-13 01:07:19');
INSERT INTO `media` (`id`, `user_id`, `filename`, `size`, `created_at`, `updated_at`) VALUES (148, 31, 'earum', 2819, '2020-12-10 00:21:12', '2021-01-27 18:33:49');
INSERT INTO `media` (`id`, `user_id`, `filename`, `size`, `created_at`, `updated_at`) VALUES (149, 36, 'assumenda', 2448, '2021-01-19 15:37:27', '2020-07-04 01:19:59');
INSERT INTO `media` (`id`, `user_id`, `filename`, `size`, `created_at`, `updated_at`) VALUES (150, 78, 'quaerat', 1605, '2020-05-25 00:16:58', '2020-10-03 21:24:29');


INSERT INTO `posts` (`id`, `name`, `body`, `user_id`, `media_id`, `source`, `created_at`, `updated_at`) VALUES (1, 'Assumenda totam quod tempore qui debitis nihil voluptatibus.', 'AT ALL. Soup does very well to say \'I once tasted--\' but checked herself hastily, and said to a shriek, \'and just as well be at school at once.\' And in she went. Once more she found herself in a.', 38, 0, 'http://www.jones.com/', '2020-08-02 16:55:36', '2020-12-25 22:18:35');
INSERT INTO `posts` (`id`, `name`, `body`, `user_id`, `media_id`, `source`, `created_at`, `updated_at`) VALUES (2, 'Ut nulla beatae distinctio ducimus aut voluptatibus.', 'Gryphon, before Alice could see, as she went on again:-- \'I didn\'t write it, and yet it was empty: she did not like to drop the jar for fear of their hearing her; and the poor animal\'s feelings. \'I.', 48, 0, 'http://wiegand.com/', '2020-08-05 17:22:43', '2020-10-13 07:16:42');
INSERT INTO `posts` (`id`, `name`, `body`, `user_id`, `media_id`, `source`, `created_at`, `updated_at`) VALUES (3, 'Qui quod nostrum quo non laboriosam vero modi culpa.', 'I then? Tell me that first, and then, if I fell off the subjects on his slate with one finger pressed upon its forehead (the position in dancing.\' Alice said; \'there\'s a large piece out of the.', 98, 0, 'http://harvey.com/', '2020-08-01 12:33:01', '2020-06-09 09:44:38');
INSERT INTO `posts` (`id`, `name`, `body`, `user_id`, `media_id`, `source`, `created_at`, `updated_at`) VALUES (4, 'Sit nesciunt ipsum accusamus non ab.', 'Alice: \'--where\'s the Duchess?\' \'Hush! Hush!\' said the Queen. First came ten soldiers carrying clubs; these were ornamented all over their heads. She felt that this could not help thinking there.', 85, 9, 'http://www.hayes.org/', '2020-08-01 10:39:48', '2020-07-26 08:33:07');
INSERT INTO `posts` (`id`, `name`, `body`, `user_id`, `media_id`, `source`, `created_at`, `updated_at`) VALUES (5, 'Aspernatur et et qui laudantium facere sunt.', 'Dormouse denied nothing, being fast asleep. \'After that,\' continued the Pigeon, but in a pleased tone. \'Pray don\'t trouble yourself to say it out to be told so. \'It\'s really dreadful,\' she muttered.', 74, 0, 'http://www.lefflerhamill.biz/', '2020-07-14 11:13:52', '2020-06-25 19:27:22');
INSERT INTO `posts` (`id`, `name`, `body`, `user_id`, `media_id`, `source`, `created_at`, `updated_at`) VALUES (6, 'Dolor a ab aut minima qui voluptatem fugiat.', 'Alice. \'Anything you like,\' said the Gryphon, with a pair of gloves and a large caterpillar, that was trickling down his cheeks, he went on, \'\"--found it advisable to go with Edgar Atheling to meet.', 14, 89, 'http://mclaughlin.com/', '2020-08-23 23:41:26', '2020-10-14 13:59:25');
INSERT INTO `posts` (`id`, `name`, `body`, `user_id`, `media_id`, `source`, `created_at`, `updated_at`) VALUES (7, 'Neque et aut quidem perferendis in sint.', 'I think--\' (she was obliged to say \"HOW DOTH THE LITTLE BUSY BEE,\" but it puzzled her very much confused, \'I don\'t see how he can EVEN finish, if he thought it would not join the dance. Would not,.', 32, 73, 'http://www.watsica.com/', '2020-07-11 12:24:55', '2021-02-07 02:36:57');
INSERT INTO `posts` (`id`, `name`, `body`, `user_id`, `media_id`, `source`, `created_at`, `updated_at`) VALUES (8, 'In et odio sunt eligendi ullam et et.', 'Alice said very politely, \'for I never understood what it was: she was not a bit hurt, and she was coming back to them, and he went on in a great hurry; \'this paper has just been reading about; and.', 53, 0, 'http://boyer.org/', '2020-06-29 00:55:26', '2020-03-23 09:19:51');
INSERT INTO `posts` (`id`, `name`, `body`, `user_id`, `media_id`, `source`, `created_at`, `updated_at`) VALUES (9, 'Eum placeat deleniti aut qui accusantium numquam.', 'King. \'Shan\'t,\' said the King. \'Shan\'t,\' said the Gryphon. \'Of course,\' the Dodo suddenly called out \'The Queen! The Queen!\' and the White Rabbit, trotting slowly back to the table, but it was the.', 42, 63, 'http://considinecrona.biz/', '2020-09-15 12:37:35', '2020-07-01 00:13:19');
INSERT INTO `posts` (`id`, `name`, `body`, `user_id`, `media_id`, `source`, `created_at`, `updated_at`) VALUES (10, 'Ducimus est aliquam soluta ut.', 'Everybody looked at the beginning,\' the King replied. Here the Queen of Hearts were seated on their hands and feet, to make out at the righthand bit again, and all the creatures order one about, and.', 77, 105, 'http://www.larson.net/', '2020-03-27 07:40:06', '2020-12-10 21:49:46');
INSERT INTO `posts` (`id`, `name`, `body`, `user_id`, `media_id`, `source`, `created_at`, `updated_at`) VALUES (11, 'Saepe aspernatur eaque consectetur numquam temporibus.', 'Queen in a deep, hollow tone: \'sit down, both of you, and don\'t speak a word till I\'ve finished.\' So they sat down, and was going to be, from one minute to another! However, I\'ve got to grow larger.', 11, 0, 'http://www.green.net/', '2020-05-25 10:03:36', '2021-01-17 07:13:13');
INSERT INTO `posts` (`id`, `name`, `body`, `user_id`, `media_id`, `source`, `created_at`, `updated_at`) VALUES (12, 'Placeat deserunt est sint provident.', 'Jack-in-the-box, and up the fan and gloves--that is, if I know is, something comes at me like that!\' But she did so, very carefully, with one of these cakes,\' she thought, and looked at it uneasily,.', 23, 130, 'http://www.lang.net/', '2020-11-12 20:01:03', '2020-04-20 00:00:32');
INSERT INTO `posts` (`id`, `name`, `body`, `user_id`, `media_id`, `source`, `created_at`, `updated_at`) VALUES (13, 'Eos dolore id perferendis ipsam quae placeat voluptatem.', 'I!\' said the King, and he checked himself suddenly: the others took the watch and looked at her own children. \'How should I know?\' said Alice, a little bottle that stood near the entrance of the.', 35, 0, 'http://www.bradtke.biz/', '2021-01-14 08:36:40', '2020-06-06 17:00:06');
INSERT INTO `posts` (`id`, `name`, `body`, `user_id`, `media_id`, `source`, `created_at`, `updated_at`) VALUES (14, 'Aut voluptatem assumenda pariatur et tempora soluta nesciunt.', 'I shan\'t grow any more--As it is, I suppose?\' said Alice. \'Why not?\' said the Eaglet. \'I don\'t know the way of expressing yourself.\' The baby grunted again, and made another rush at Alice for.', 99, 123, 'http://lesch.org/', '2020-10-25 12:17:19', '2020-12-09 03:40:46');
INSERT INTO `posts` (`id`, `name`, `body`, `user_id`, `media_id`, `source`, `created_at`, `updated_at`) VALUES (15, 'Aut mollitia aut aut fugiat eum.', 'And with that she had been running half an hour or so there were three gardeners at it, and talking over its head. \'Very uncomfortable for the immediate adoption of more energetic remedies--\' \'Speak.', 67, 0, 'http://www.corkerybeier.biz/', '2021-01-18 17:45:52', '2020-11-22 21:03:50');
INSERT INTO `posts` (`id`, `name`, `body`, `user_id`, `media_id`, `source`, `created_at`, `updated_at`) VALUES (16, 'Vel dolorem at deserunt dolor fugit explicabo dolores ratione.', 'Alice, feeling very glad to do it?\' \'In my youth,\' Father William replied to his ear. Alice considered a little, \'From the Queen. \'It proves nothing of the Queen furiously, throwing an inkstand at.', 33, 0, 'http://hudson.net/', '2020-08-11 10:14:13', '2020-11-01 22:37:47');
INSERT INTO `posts` (`id`, `name`, `body`, `user_id`, `media_id`, `source`, `created_at`, `updated_at`) VALUES (17, 'Officia excepturi molestiae facere quia et aliquam quia.', 'I breathe\"!\' \'It IS the fun?\' said Alice. \'Of course twinkling begins with a cart-horse, and expecting every moment to think this a very long silence, broken only by an occasional exclamation of.', 92, 0, 'http://weimann.com/', '2020-11-19 13:31:17', '2020-08-18 10:11:36');
INSERT INTO `posts` (`id`, `name`, `body`, `user_id`, `media_id`, `source`, `created_at`, `updated_at`) VALUES (18, 'Fuga alias facere quae repellat eos sit.', 'Hatter. \'Stolen!\' the King said to herself. \'I dare say there may be different,\' said Alice; \'that\'s not at all this time, and was going to dive in among the party. Some of the way--\' \'THAT.', 2, 126, 'http://harber.biz/', '2021-02-27 08:56:59', '2020-07-01 17:09:36');
INSERT INTO `posts` (`id`, `name`, `body`, `user_id`, `media_id`, `source`, `created_at`, `updated_at`) VALUES (19, 'Sit sunt atque perferendis.', 'EVER happen in a bit.\' \'Perhaps it hasn\'t one,\' Alice ventured to say. \'What is his sorrow?\' she asked the Gryphon, sighing in his note-book, cackled out \'Silence!\' and read as follows:-- \'The Queen.', 10, 0, 'http://www.anderson.com/', '2021-03-13 14:42:25', '2021-01-25 02:38:03');
INSERT INTO `posts` (`id`, `name`, `body`, `user_id`, `media_id`, `source`, `created_at`, `updated_at`) VALUES (20, 'Libero atque rerum culpa nemo nisi amet provident.', 'I ever heard!\' \'Yes, I think it would be worth the trouble of getting up and to hear his history. I must be a lesson to you to death.\"\' \'You are all pardoned.\' \'Come, THAT\'S a good deal: this.', 99, 45, 'http://will.com/', '2020-07-26 16:56:40', '2021-03-10 23:09:42');
INSERT INTO `posts` (`id`, `name`, `body`, `user_id`, `media_id`, `source`, `created_at`, `updated_at`) VALUES (21, 'Molestias et cumque qui possimus sint.', 'Like a tea-tray in the air, mixed up with the other paw, \'lives a Hatter: and in his turn; and both the hedgehogs were out of its mouth, and addressed her in the sea!\' cried the Mouse, getting up.', 62, 0, 'http://www.lowe.biz/', '2020-07-14 17:32:38', '2020-12-03 03:18:03');
INSERT INTO `posts` (`id`, `name`, `body`, `user_id`, `media_id`, `source`, `created_at`, `updated_at`) VALUES (22, 'Harum unde qui vitae ab quod.', 'Only I don\'t remember where.\' \'Well, it must make me larger, it must make me larger, it must be off, and she had nothing else to say when I breathe\"!\' \'It IS a long breath, and said anxiously to.', 52, 0, 'http://schinnerhuels.com/', '2020-05-10 23:28:26', '2021-02-20 13:10:13');
INSERT INTO `posts` (`id`, `name`, `body`, `user_id`, `media_id`, `source`, `created_at`, `updated_at`) VALUES (23, 'Corporis omnis quidem consequatur quia.', 'However, \'jury-men\' would have made a snatch in the house of the legs of the house, quite forgetting that she began shrinking directly. As soon as the Caterpillar seemed to quiver all over with.', 42, 0, 'http://volkman.biz/', '2021-02-27 18:02:21', '2020-09-12 09:31:42');
INSERT INTO `posts` (`id`, `name`, `body`, `user_id`, `media_id`, `source`, `created_at`, `updated_at`) VALUES (24, 'Vel sit est in ut doloribus et laboriosam.', 'King was the first day,\' said the Hatter, \'when the Queen had only one way up as the large birds complained that they couldn\'t get them out again. Suddenly she came upon a little timidly, for she.', 60, 92, 'http://www.roberts.com/', '2020-06-18 05:36:34', '2020-06-05 02:50:29');
INSERT INTO `posts` (`id`, `name`, `body`, `user_id`, `media_id`, `source`, `created_at`, `updated_at`) VALUES (25, 'Veritatis veniam vel sunt qui.', 'I don\'t know,\' he went on muttering over the list, feeling very curious thing, and longed to change the subject. \'Go on with the dream of Wonderland of long ago: and how she would catch a bad cold.', 44, 84, 'http://www.beer.com/', '2020-12-08 22:01:33', '2020-09-15 16:30:30');
INSERT INTO `posts` (`id`, `name`, `body`, `user_id`, `media_id`, `source`, `created_at`, `updated_at`) VALUES (26, 'Voluptate expedita sunt eum doloremque enim.', 'Alice whispered to the puppy; whereupon the puppy jumped into the air, I\'m afraid, sir\' said Alice, quite forgetting in the pictures of him), while the Mock Turtle persisted. \'How COULD he turn them.', 77, 85, 'http://boyer.com/', '2020-09-05 22:53:29', '2021-03-10 04:30:29');
INSERT INTO `posts` (`id`, `name`, `body`, `user_id`, `media_id`, `source`, `created_at`, `updated_at`) VALUES (27, 'Quia voluptas vitae sint et.', 'I can\'t see you?\' She was a general clapping of hands at this: it was getting so thin--and the twinkling of the ground, Alice soon came upon a neat little house, and the three gardeners at it, and.', 26, 0, 'http://www.goodwin.org/', '2021-02-07 03:19:07', '2020-10-28 05:45:03');
INSERT INTO `posts` (`id`, `name`, `body`, `user_id`, `media_id`, `source`, `created_at`, `updated_at`) VALUES (28, 'Eum iusto sit qui autem similique animi.', 'Dormouse indignantly. However, he consented to go down--Here, Bill! the master says you\'re to go down the chimney?--Nay, I shan\'t! YOU do it!--That I won\'t, then!--Bill\'s to go on for some while in.', 37, 121, 'http://lang.com/', '2020-06-20 10:59:45', '2020-11-09 18:44:16');
INSERT INTO `posts` (`id`, `name`, `body`, `user_id`, `media_id`, `source`, `created_at`, `updated_at`) VALUES (29, 'In similique in qui illum laboriosam deleniti.', 'Alice was thoroughly puzzled. \'Does the boots and shoes!\' she repeated in a very poor speaker,\' said the King. (The jury all looked puzzled.) \'He must have imitated somebody else\'s hand,\' said the.', 99, 0, 'http://www.uptonritchie.com/', '2020-11-21 04:44:36', '2020-05-13 23:37:24');
INSERT INTO `posts` (`id`, `name`, `body`, `user_id`, `media_id`, `source`, `created_at`, `updated_at`) VALUES (30, 'Et aperiam incidunt ipsa asperiores non enim.', 'What happened to you? Tell us all about for them, and the constant heavy sobbing of the party were placed along the passage into the jury-box, or they would call after her: the last few minutes, and.', 43, 16, 'http://parisian.net/', '2020-11-04 09:45:43', '2020-05-10 11:14:18');
INSERT INTO `posts` (`id`, `name`, `body`, `user_id`, `media_id`, `source`, `created_at`, `updated_at`) VALUES (31, 'Vel voluptate eum perspiciatis quis omnis incidunt.', 'William\'s conduct at first she thought it must be a grin, and she could not be denied, so she bore it as you liked.\' \'Is that the best way to fly up into the air. \'--as far out to sea as you are;.', 85, 0, 'http://kshlerin.com/', '2020-10-06 11:58:29', '2020-06-05 14:45:37');
INSERT INTO `posts` (`id`, `name`, `body`, `user_id`, `media_id`, `source`, `created_at`, `updated_at`) VALUES (32, 'Dolor esse eveniet voluptatem ut ipsam.', 'I wish you could only see her. She is such a nice soft thing to nurse--and she\'s such a new idea to Alice, very much of it in a sulky tone, as it was over at last: \'and I do it again and again.\'.', 35, 0, 'http://www.stiedemann.com/', '2020-06-19 12:33:15', '2021-02-05 23:30:15');
INSERT INTO `posts` (`id`, `name`, `body`, `user_id`, `media_id`, `source`, `created_at`, `updated_at`) VALUES (33, 'Molestiae doloremque voluptatem magni et voluptas.', 'Gryphon, and all her coaxing. Hardly knowing what she was talking. \'How CAN I have ordered\'; and she went on, looking anxiously about as much use in saying anything more till the Pigeon in a bit.\'.', 66, 40, 'http://marvin.com/', '2021-02-26 02:22:17', '2021-01-16 16:24:56');
INSERT INTO `posts` (`id`, `name`, `body`, `user_id`, `media_id`, `source`, `created_at`, `updated_at`) VALUES (34, 'Explicabo sit quo occaecati in eaque quisquam.', 'Mercia and Northumbria--\"\' \'Ugh!\' said the Mouse, getting up and repeat something now. Tell her to wink with one finger, as he could go. Alice took up the other, saying, in a sorrowful tone; \'at.', 100, 0, 'http://www.nicolas.biz/', '2021-01-10 10:21:35', '2020-10-20 09:03:54');
INSERT INTO `posts` (`id`, `name`, `body`, `user_id`, `media_id`, `source`, `created_at`, `updated_at`) VALUES (35, 'Vitae sint numquam quia esse.', 'Alice. \'Then you shouldn\'t talk,\' said the Hatter, it woke up again with a T!\' said the Gryphon. \'It all came different!\' Alice replied very gravely. \'What else have you executed on the English.', 8, 137, 'http://www.denesikmonahan.com/', '2020-06-14 14:11:32', '2020-06-29 00:47:39');
INSERT INTO `posts` (`id`, `name`, `body`, `user_id`, `media_id`, `source`, `created_at`, `updated_at`) VALUES (36, 'Qui sit maxime omnis labore nihil.', 'Mock Turtle interrupted, \'if you don\'t like them!\' When the Mouse was swimming away from him, and very soon had to be lost: away went Alice like the look of the leaves: \'I should like to try the.', 20, 16, 'http://conn.net/', '2020-10-18 03:53:08', '2020-10-20 23:15:41');
INSERT INTO `posts` (`id`, `name`, `body`, `user_id`, `media_id`, `source`, `created_at`, `updated_at`) VALUES (37, 'Reprehenderit facere distinctio eos ipsa commodi quia.', 'Queen furiously, throwing an inkstand at the bottom of the baby, and not to be executed for having cheated herself in a tone of delight, which changed into alarm in another moment that it had a VERY.', 85, 139, 'http://champlinklocko.com/', '2020-11-28 15:06:08', '2020-11-27 00:25:00');
INSERT INTO `posts` (`id`, `name`, `body`, `user_id`, `media_id`, `source`, `created_at`, `updated_at`) VALUES (38, 'Aperiam et veniam vero fugit.', 'Dodo solemnly presented the thimble, looking as solemn as she went back to finish his story. CHAPTER IV. The Rabbit started violently, dropped the white kid gloves, and was just saying to herself,.', 59, 0, 'http://www.feil.com/', '2020-04-06 06:31:34', '2020-10-15 12:54:29');
INSERT INTO `posts` (`id`, `name`, `body`, `user_id`, `media_id`, `source`, `created_at`, `updated_at`) VALUES (39, 'Nam dolores eum harum ut aut itaque.', 'Sir, With no jury or judge, would be very likely it can talk: at any rate it would not open any of them. \'I\'m sure those are not the right size to do with this creature when I got up very sulkily.', 43, 0, 'http://www.lynchkertzmann.com/', '2020-08-05 21:27:16', '2021-01-18 02:06:38');
INSERT INTO `posts` (`id`, `name`, `body`, `user_id`, `media_id`, `source`, `created_at`, `updated_at`) VALUES (40, 'Voluptas ea eius voluptatem aspernatur.', 'FROM HIM TO YOU,\"\' said Alice. \'It must have a prize herself, you know,\' said Alice, feeling very glad she had drunk half the bottle, saying to her ear, and whispered \'She\'s under sentence of.', 20, 60, 'http://www.stoltenberg.com/', '2020-08-13 13:18:17', '2020-10-22 10:39:50');
INSERT INTO `posts` (`id`, `name`, `body`, `user_id`, `media_id`, `source`, `created_at`, `updated_at`) VALUES (41, 'Illo odio quo voluptatem explicabo.', 'Mock Turtle had just begun to think about it, you know.\' \'Not at first, the two creatures, who had not got into it), and handed them round as prizes. There was nothing else to say it over) \'--yes,.', 10, 131, 'http://www.schinner.org/', '2020-12-23 20:27:44', '2020-06-02 14:20:51');
INSERT INTO `posts` (`id`, `name`, `body`, `user_id`, `media_id`, `source`, `created_at`, `updated_at`) VALUES (42, 'Veniam dolores est rem dolores est dolores.', 'As for pulling me out of breath, and said to herself \'Suppose it should be raving mad--at least not so mad as it happens; and if the Mock Turtle drew a long sleep you\'ve had!\' \'Oh, I\'ve had such a.', 62, 0, 'http://www.reichel.com/', '2020-12-30 05:23:50', '2020-07-30 07:36:55');
INSERT INTO `posts` (`id`, `name`, `body`, `user_id`, `media_id`, `source`, `created_at`, `updated_at`) VALUES (43, 'Est illo ut laboriosam eum.', 'Jack-in-the-box, and up I goes like a tunnel for some time in silence: at last she spread out her hand, and made another rush at the mushroom for a minute, trying to make herself useful, and looking.', 57, 0, 'http://www.lefflerbernhard.com/', '2020-12-04 11:20:19', '2020-10-04 09:00:58');
INSERT INTO `posts` (`id`, `name`, `body`, `user_id`, `media_id`, `source`, `created_at`, `updated_at`) VALUES (44, 'Eveniet fuga iste atque dolores vel et.', 'The master was an old crab, HE was.\' \'I never could abide figures!\' And with that she did not appear, and after a minute or two she stood watching them, and just as well. The twelve jurors were all.', 61, 26, 'http://www.langmurray.com/', '2020-08-04 23:05:19', '2021-01-13 12:06:30');
INSERT INTO `posts` (`id`, `name`, `body`, `user_id`, `media_id`, `source`, `created_at`, `updated_at`) VALUES (45, 'Quisquam et repudiandae consequatur error animi sed.', 'Lory, with a round face, and large eyes full of the other arm curled round her at the stick, and held out its arms folded, frowning like a candle. I wonder who will put on his spectacles and looked.', 57, 0, 'http://www.oconner.com/', '2021-03-05 00:39:07', '2021-01-27 10:40:25');
INSERT INTO `posts` (`id`, `name`, `body`, `user_id`, `media_id`, `source`, `created_at`, `updated_at`) VALUES (46, 'Blanditiis ducimus non unde voluptatibus velit voluptatem.', 'Mock Turtle in a great letter, nearly as large as himself, and this he handed over to the table, but it had lost something; and she tried another question. \'What sort of meaning in it, and kept.', 40, 115, 'http://streich.biz/', '2020-12-13 11:19:14', '2020-12-28 13:48:26');
INSERT INTO `posts` (`id`, `name`, `body`, `user_id`, `media_id`, `source`, `created_at`, `updated_at`) VALUES (47, 'Ea amet omnis perspiciatis officiis rem excepturi quae.', 'Dormouse shall!\' they both sat silent for a great many more than nine feet high. \'I wish you would seem to have him with them,\' the Mock Turtle, \'they--you\'ve seen them, of course?\' \'Yes,\' said.', 67, 65, 'http://keeling.biz/', '2020-12-29 08:24:08', '2020-06-28 01:56:10');
INSERT INTO `posts` (`id`, `name`, `body`, `user_id`, `media_id`, `source`, `created_at`, `updated_at`) VALUES (48, 'Fuga veniam itaque dicta dolores aperiam qui sit.', 'Alice cautiously replied: \'but I must have a trial: For really this morning I\'ve nothing to what I see\"!\' \'You might just as well wait, as she picked up a little of her hedgehog. The hedgehog was.', 94, 53, 'http://www.hartmann.net/', '2020-09-04 06:27:59', '2020-04-29 16:13:06');
INSERT INTO `posts` (`id`, `name`, `body`, `user_id`, `media_id`, `source`, `created_at`, `updated_at`) VALUES (49, 'Dolorem facere ullam harum minima earum porro vel.', 'Alice thought to herself, as well she might, what a Gryphon is, look at the thought that she was not easy to know when the White Rabbit, who was talking. Alice could only hear whispers now and then,.', 17, 53, 'http://reynolds.com/', '2020-10-17 10:36:02', '2020-04-05 11:05:06');
INSERT INTO `posts` (`id`, `name`, `body`, `user_id`, `media_id`, `source`, `created_at`, `updated_at`) VALUES (50, 'Quaerat quod voluptatem quia occaecati.', 'Duchess said to the Gryphon. \'It\'s all her life. Indeed, she had nibbled some more tea,\' the Hatter said, turning to Alice, \'Have you guessed the riddle yet?\' the Hatter grumbled: \'you shouldn\'t.', 41, 65, 'http://www.walter.biz/', '2020-11-16 01:14:36', '2020-10-27 01:16:46');


INSERT INTO `profiles` (`user_id`, `media_id`, `gender`, `birthday`, `city`, `status`, `about_yourself`, `created_at`, `updated_at`) VALUES (1, 43, 'мужской', '1979-06-28', 'Alyshaberg', 'Читатель', 'Alice, \'they\'re sure to do it.\' (And, as you say things are \"much of a muchness\"--did you ever saw. How she longed to get in?\' she repeated, aloud. \'I shall do nothing of the Shark, But, when the.', '2013-04-08 11:43:50', '2020-05-26 03:38:32');
INSERT INTO `profiles` (`user_id`, `media_id`, `gender`, `birthday`, `city`, `status`, `about_yourself`, `created_at`, `updated_at`) VALUES (2, 28, 'женский', '1997-04-01', 'Adalbertobury', 'Автор', 'It sounded an excellent opportunity for croqueting one of the hall: in fact she was out of sight: \'but it seems to like her, down here, that I should be like then?\' And she went on. \'Or would you.', '2019-07-04 23:15:42', '2020-10-19 17:43:31');
INSERT INTO `profiles` (`user_id`, `media_id`, `gender`, `birthday`, `city`, `status`, `about_yourself`, `created_at`, `updated_at`) VALUES (3, 52, 'женский', '1985-06-26', 'New Jammiestad', 'Читатель', 'There was certainly English. \'I don\'t know the song, she kept tossing the baby joined):-- \'Wow! wow! wow!\' While the Owl had the door that led into a large pool all round the rosetree; for, you see,.', '2017-04-29 00:24:44', '2020-12-22 22:49:22');
INSERT INTO `profiles` (`user_id`, `media_id`, `gender`, `birthday`, `city`, `status`, `about_yourself`, `created_at`, `updated_at`) VALUES (4, 0, 'женский', '1992-02-07', 'West Gennarohaven', 'Автор', 'I? Ah, THAT\'S the great question is, Who in the act of crawling away: besides all this, there was mouth enough for it to make herself useful, and looking at everything about her, to pass away the.', '2012-11-27 08:18:09', '2020-03-23 09:53:29');
INSERT INTO `profiles` (`user_id`, `media_id`, `gender`, `birthday`, `city`, `status`, `about_yourself`, `created_at`, `updated_at`) VALUES (5, 0, 'мужской', '2019-10-21', 'Lake Sedrickberg', 'Читатель', 'Dormouse followed him: the March Hare interrupted in a tone of this sort in her life before, and behind it was addressed to the Hatter. This piece of evidence we\'ve heard yet,\' said Alice; \'I might.', '2011-04-14 13:48:28', '2021-02-25 10:25:32');
INSERT INTO `profiles` (`user_id`, `media_id`, `gender`, `birthday`, `city`, `status`, `about_yourself`, `created_at`, `updated_at`) VALUES (6, 0, 'женский', '2007-01-19', 'West Rogers', 'Читатель', 'It sounded an excellent plan, no doubt, and very angrily. \'A knot!\' said Alice, \'we learned French and music.\' \'And washing?\' said the Gryphon. \'We can do no more, whatever happens. What WILL become.', '2017-08-27 18:49:06', '2020-05-14 11:12:46');
INSERT INTO `profiles` (`user_id`, `media_id`, `gender`, `birthday`, `city`, `status`, `about_yourself`, `created_at`, `updated_at`) VALUES (7, 12, 'женский', '1989-05-16', 'East Chaya', 'Автор', 'Father William,\' the young man said, \'And your hair has become very white; And yet I wish you were or might have been a RED rose-tree, and we put a white one in by mistake; and if it makes me grow.', '2016-04-21 10:08:39', '2020-05-13 01:22:21');
INSERT INTO `profiles` (`user_id`, `media_id`, `gender`, `birthday`, `city`, `status`, `about_yourself`, `created_at`, `updated_at`) VALUES (8, 12, 'женский', '1981-11-12', 'Tyriqueburgh', 'Автор', 'I can do no more, whatever happens. What WILL become of you? I gave her one, they gave him two, You gave us three or more; They all returned from him to you, Though they were gardeners, or soldiers,.', '2020-04-01 08:46:06', '2020-09-01 20:41:11');
INSERT INTO `profiles` (`user_id`, `media_id`, `gender`, `birthday`, `city`, `status`, `about_yourself`, `created_at`, `updated_at`) VALUES (9, 0, 'женский', '1998-04-12', 'Sengerfurt', 'Читатель', 'For instance, suppose it were white, but there were three little sisters,\' the Dormouse shall!\' they both bowed low, and their curls got entangled together. Alice laughed so much at this, that she.', '2015-11-19 07:42:12', '2021-02-05 17:13:28');
INSERT INTO `profiles` (`user_id`, `media_id`, `gender`, `birthday`, `city`, `status`, `about_yourself`, `created_at`, `updated_at`) VALUES (10, 27, 'женский', '2021-01-03', 'Mosesville', 'Читатель', 'Duchess replied, in a melancholy tone: \'it doesn\'t seem to come before that!\' \'Call the next verse,\' the Gryphon went on, yawning and rubbing its eyes, for it to speak with. Alice waited a little,.', '2015-08-20 22:52:56', '2020-10-29 09:47:28');
INSERT INTO `profiles` (`user_id`, `media_id`, `gender`, `birthday`, `city`, `status`, `about_yourself`, `created_at`, `updated_at`) VALUES (11, 0, 'женский', '1973-05-07', 'Nienowstad', 'Читатель', 'On various pretexts they all spoke at once, she found herself falling down a jar from one foot up the fan and the second thing is to do it.\' (And, as you say things are worse than ever,\' thought the.', '2015-10-15 19:09:39', '2020-09-13 09:30:18');
INSERT INTO `profiles` (`user_id`, `media_id`, `gender`, `birthday`, `city`, `status`, `about_yourself`, `created_at`, `updated_at`) VALUES (12, 0, 'женский', '1980-10-11', 'North Ernestina', 'Автор', 'It was as much as she left her, leaning her head through the door, and the small ones choked and had to stoop to save her neck would bend about easily in any direction, like a telescope.\' And so it.', '2014-05-03 20:33:01', '2020-03-23 01:37:08');
INSERT INTO `profiles` (`user_id`, `media_id`, `gender`, `birthday`, `city`, `status`, `about_yourself`, `created_at`, `updated_at`) VALUES (13, 83, 'мужской', '2011-05-02', 'Okunevamouth', 'Читатель', 'Alice put down yet, before the officer could get to twenty at that rate! However, the Multiplication Table doesn\'t signify: let\'s try Geography. London is the same words as before, \'It\'s all his.', '2012-10-24 10:06:48', '2020-05-18 15:54:50');
INSERT INTO `profiles` (`user_id`, `media_id`, `gender`, `birthday`, `city`, `status`, `about_yourself`, `created_at`, `updated_at`) VALUES (14, 44, 'женский', '1976-02-17', 'Lamarfort', 'Читатель', 'Rabbit\'s--\'Pat! Pat! Where are you?\' And then a row of lamps hanging from the roof. There were doors all round her, calling out in a soothing tone: \'don\'t be angry about it. And yet I don\'t keep the.', '2017-03-22 21:13:22', '2021-03-02 16:50:43');
INSERT INTO `profiles` (`user_id`, `media_id`, `gender`, `birthday`, `city`, `status`, `about_yourself`, `created_at`, `updated_at`) VALUES (15, 30, 'мужской', '2009-04-03', 'Millerbury', 'Читатель', 'Dormouse again, so that altogether, for the accident of the bottle was a general clapping of hands at this: it was all ridges and furrows; the balls were live hedgehogs, the mallets live flamingoes,.', '2014-09-27 11:14:24', '2020-08-16 10:17:15');
INSERT INTO `profiles` (`user_id`, `media_id`, `gender`, `birthday`, `city`, `status`, `about_yourself`, `created_at`, `updated_at`) VALUES (16, 86, 'женский', '1981-11-29', 'Kirlinhaven', 'Автор', 'I eat\" is the same side of the tail, and ending with the time,\' she said, \'than waste it in a great deal too far off to trouble myself about you: you must manage the best plan.\' It sounded an.', '2017-07-30 00:50:07', '2021-02-10 01:36:58');
INSERT INTO `profiles` (`user_id`, `media_id`, `gender`, `birthday`, `city`, `status`, `about_yourself`, `created_at`, `updated_at`) VALUES (17, 0, 'женский', '2018-01-28', 'Friesenville', 'Читатель', 'Rabbit was still in sight, hurrying down it. There was certainly not becoming. \'And that\'s the jury-box,\' thought Alice, \'to pretend to be told so. \'It\'s really dreadful,\' she muttered to herself,.', '2016-06-02 07:28:46', '2020-09-29 17:16:26');
INSERT INTO `profiles` (`user_id`, `media_id`, `gender`, `birthday`, `city`, `status`, `about_yourself`, `created_at`, `updated_at`) VALUES (18, 0, 'женский', '2003-09-22', 'Lake Sydneyville', 'Автор', 'I shall fall right THROUGH the earth! How funny it\'ll seem to put the hookah out of its right ear and left off staring at the top with its mouth again, and Alice was rather glad there WAS no one to.', '2012-04-16 02:46:36', '2020-08-25 05:08:12');
INSERT INTO `profiles` (`user_id`, `media_id`, `gender`, `birthday`, `city`, `status`, `about_yourself`, `created_at`, `updated_at`) VALUES (19, 0, 'мужской', '2001-01-16', 'Abbottmouth', 'Читатель', 'Gryphon; and then hurried on, Alice started to her very much pleased at having found out that part.\' \'Well, at any rate,\' said Alice: \'three inches is such a thing before, but she gained courage as.', '2021-02-13 12:18:49', '2021-03-10 06:31:12');
INSERT INTO `profiles` (`user_id`, `media_id`, `gender`, `birthday`, `city`, `status`, `about_yourself`, `created_at`, `updated_at`) VALUES (20, 0, 'женский', '1990-09-11', 'Lake Nicklausshire', 'Автор', 'Alice, \'it\'ll never do to ask: perhaps I shall ever see such a hurry that she had not gone far before they saw the Mock Turtle sighed deeply, and began, in a mournful tone, \'he won\'t do a thing I.', '2018-04-03 05:04:51', '2020-08-23 20:49:59');
INSERT INTO `profiles` (`user_id`, `media_id`, `gender`, `birthday`, `city`, `status`, `about_yourself`, `created_at`, `updated_at`) VALUES (21, 0, 'мужской', '2002-08-04', 'West Katlynnport', 'Автор', 'Either the well was very fond of beheading people here; the great wonder is, that I\'m doubtful about the temper of your flamingo. Shall I try the patience of an oyster!\' \'I wish I hadn\'t cried so.', '2013-04-09 18:19:35', '2021-01-03 14:27:52');
INSERT INTO `profiles` (`user_id`, `media_id`, `gender`, `birthday`, `city`, `status`, `about_yourself`, `created_at`, `updated_at`) VALUES (22, 9, 'мужской', '1988-07-31', 'Derekmouth', 'Читатель', 'I never understood what it meant till now.\' \'If that\'s all I can remember feeling a little animal (she couldn\'t guess of what work it would be worth the trouble of getting her hands on her toes when.', '2019-08-29 10:23:22', '2020-08-01 16:39:57');
INSERT INTO `profiles` (`user_id`, `media_id`, `gender`, `birthday`, `city`, `status`, `about_yourself`, `created_at`, `updated_at`) VALUES (23, 0, 'мужской', '1990-10-05', 'Haagland', 'Автор', 'White Rabbit read:-- \'They told me he was speaking, so that altogether, for the fan and gloves--that is, if I might venture to ask his neighbour to tell him. \'A nice muddle their slates\'ll be in.', '2013-10-31 03:57:23', '2020-07-17 01:59:29');
INSERT INTO `profiles` (`user_id`, `media_id`, `gender`, `birthday`, `city`, `status`, `about_yourself`, `created_at`, `updated_at`) VALUES (24, 7, 'мужской', '1995-01-04', 'Francesstad', 'Автор', 'Caterpillar sternly. \'Explain yourself!\' \'I can\'t help it,\' said Alice very meekly: \'I\'m growing.\' \'You\'ve no right to think,\' said Alice to herself, rather sharply; \'I advise you to learn?\' \'Well,.', '2012-09-27 07:57:10', '2020-10-26 18:37:23');
INSERT INTO `profiles` (`user_id`, `media_id`, `gender`, `birthday`, `city`, `status`, `about_yourself`, `created_at`, `updated_at`) VALUES (25, 0, 'мужской', '1993-05-30', 'Botsfordton', 'Читатель', 'Alice\'s shoulder as she left her, leaning her head on her lap as if he would deny it too: but the Mouse only growled in reply. \'Please come back in their mouths. So they had any dispute with the.', '2017-06-12 14:16:09', '2020-06-07 00:40:32');
INSERT INTO `profiles` (`user_id`, `media_id`, `gender`, `birthday`, `city`, `status`, `about_yourself`, `created_at`, `updated_at`) VALUES (26, 0, 'мужской', '1973-02-08', 'Lake Bartton', 'Автор', 'She waited for some while in silence. Alice was not even room for her. \'I wish I hadn\'t quite finished my tea when I got up and said, \'So you think you can find out the proper way of expecting.', '2015-04-29 23:46:11', '2020-04-26 13:22:35');
INSERT INTO `profiles` (`user_id`, `media_id`, `gender`, `birthday`, `city`, `status`, `about_yourself`, `created_at`, `updated_at`) VALUES (27, 0, 'женский', '1988-07-03', 'Lake Ola', 'Читатель', 'King put on her toes when they arrived, with a pair of the what?\' said the Caterpillar, and the Queen had only one way up as the other.\' As soon as the Dormouse sulkily remarked, \'If you do. I\'ll.', '2015-04-17 23:29:24', '2020-10-30 18:07:50');
INSERT INTO `profiles` (`user_id`, `media_id`, `gender`, `birthday`, `city`, `status`, `about_yourself`, `created_at`, `updated_at`) VALUES (28, 51, 'мужской', '1994-09-23', 'East Gabeland', 'Читатель', 'QUITE as much as she left her, leaning her head to keep back the wandering hair that WOULD always get into the teapot. \'At any rate it would be so stingy about it, you know.\' It was, no doubt: only.', '2019-07-31 21:56:59', '2020-05-23 13:34:15');
INSERT INTO `profiles` (`user_id`, `media_id`, `gender`, `birthday`, `city`, `status`, `about_yourself`, `created_at`, `updated_at`) VALUES (29, 0, 'женский', '1985-02-06', 'Jastport', 'Читатель', 'Majesty?\' he asked. \'Begin at the house, quite forgetting her promise. \'Treacle,\' said a whiting to a farmer, you know, with oh, such long ringlets, and mine doesn\'t go in ringlets at all; however,.', '2011-09-15 09:02:40', '2020-12-16 12:46:38');
INSERT INTO `profiles` (`user_id`, `media_id`, `gender`, `birthday`, `city`, `status`, `about_yourself`, `created_at`, `updated_at`) VALUES (30, 0, 'женский', '2018-07-15', 'Feestfort', 'Читатель', 'And she kept fanning herself all the first minute or two she stood still where she was about a thousand times as large as the hall was very likely true.) Down, down, down. There was a large plate.', '2012-08-04 18:26:41', '2020-08-29 23:04:57');
INSERT INTO `profiles` (`user_id`, `media_id`, `gender`, `birthday`, `city`, `status`, `about_yourself`, `created_at`, `updated_at`) VALUES (31, 0, 'женский', '1983-12-03', 'Dangelochester', 'Автор', 'At this moment the King, going up to them she heard it say to itself, half to Alice. \'What IS a Caucus-race?\' said Alice; \'you needn\'t be so proud as all that.\' \'Well, it\'s got no sorrow, you know..', '2013-11-28 00:04:00', '2021-01-28 00:16:02');
INSERT INTO `profiles` (`user_id`, `media_id`, `gender`, `birthday`, `city`, `status`, `about_yourself`, `created_at`, `updated_at`) VALUES (32, 17, 'мужской', '1990-09-10', 'South Marianehaven', 'Автор', 'Hatter were having tea at it: a Dormouse was sitting on the other end of the wood--(she considered him to be beheaded!\' \'What for?\' said the Duchess, \'as pigs have to go among mad people,\' Alice.', '2015-03-19 19:37:22', '2020-04-08 20:50:10');
INSERT INTO `profiles` (`user_id`, `media_id`, `gender`, `birthday`, `city`, `status`, `about_yourself`, `created_at`, `updated_at`) VALUES (33, 57, 'женский', '1974-09-03', 'Gusikowskimouth', 'Читатель', 'Her chin was pressed so closely against her foot, that there was not even get her head impatiently; and, turning to the Dormouse, who was trembling down to her in a great crash, as if she meant to.', '2012-07-13 23:31:29', '2020-09-01 03:05:09');
INSERT INTO `profiles` (`user_id`, `media_id`, `gender`, `birthday`, `city`, `status`, `about_yourself`, `created_at`, `updated_at`) VALUES (34, 0, 'мужской', '1974-04-13', 'New Mozellborough', 'Читатель', 'Mary Ann, and be turned out of sight, he said in a tone of this elegant thimble\'; and, when it saw mine coming!\' \'How do you want to go! Let me see: that would be the right house, because the.', '2017-04-03 19:24:02', '2020-06-18 18:33:41');
INSERT INTO `profiles` (`user_id`, `media_id`, `gender`, `birthday`, `city`, `status`, `about_yourself`, `created_at`, `updated_at`) VALUES (35, 0, 'мужской', '2003-07-23', 'Lake Coralie', 'Автор', 'Hatter instead!\' CHAPTER VII. A Mad Tea-Party There was a sound of a candle is blown out, for she was in a mournful tone, \'he won\'t do a thing I ever saw one that size? Why, it fills the whole.', '2018-05-08 20:06:34', '2021-02-06 22:15:13');
INSERT INTO `profiles` (`user_id`, `media_id`, `gender`, `birthday`, `city`, `status`, `about_yourself`, `created_at`, `updated_at`) VALUES (36, 49, 'мужской', '2006-10-30', 'Kameronstad', 'Автор', 'Gryphon, lying fast asleep in the window?\' \'Sure, it\'s an arm, yer honour!\' (He pronounced it \'arrum.\') \'An arm, you goose! Who ever saw one that size? Why, it fills the whole party swam to the.', '2014-01-27 10:40:51', '2020-08-08 06:49:02');
INSERT INTO `profiles` (`user_id`, `media_id`, `gender`, `birthday`, `city`, `status`, `about_yourself`, `created_at`, `updated_at`) VALUES (37, 0, 'женский', '2019-08-22', 'Kunzeshire', 'Читатель', 'NEVER come to an end! \'I wonder if I like being that person, I\'ll come up: if not, I\'ll stay down here with me! There are no mice in the newspapers, at the top of her going, though she knew that.', '2013-09-04 08:37:50', '2020-08-04 07:19:28');
INSERT INTO `profiles` (`user_id`, `media_id`, `gender`, `birthday`, `city`, `status`, `about_yourself`, `created_at`, `updated_at`) VALUES (38, 0, 'мужской', '2016-08-03', 'Delphiaberg', 'Автор', 'King. \'It began with the name of the bread-and-butter. Just at this moment Alice appeared, she was talking. \'How CAN I have ordered\'; and she went on at last, with a kind of serpent, that\'s all the.', '2016-04-24 14:46:07', '2020-04-25 15:48:50');
INSERT INTO `profiles` (`user_id`, `media_id`, `gender`, `birthday`, `city`, `status`, `about_yourself`, `created_at`, `updated_at`) VALUES (39, 44, 'женский', '1973-11-02', 'East Joesphmouth', 'Автор', 'Classics master, though. He was looking at the thought that SOMEBODY ought to eat the comfits: this caused some noise and confusion, as the doubled-up soldiers were always getting up and went on:.', '2015-06-04 23:29:23', '2020-06-13 20:54:00');
INSERT INTO `profiles` (`user_id`, `media_id`, `gender`, `birthday`, `city`, `status`, `about_yourself`, `created_at`, `updated_at`) VALUES (40, 0, 'мужской', '1971-12-27', 'Floydmouth', 'Читатель', 'Dodo, \'the best way you have just been picked up.\' \'What\'s in it?\' said the Mouse, frowning, but very glad to do this, so that altogether, for the hot day made her so savage when they met in the.', '2012-07-22 13:34:27', '2020-08-08 07:23:57');
INSERT INTO `profiles` (`user_id`, `media_id`, `gender`, `birthday`, `city`, `status`, `about_yourself`, `created_at`, `updated_at`) VALUES (41, 34, 'мужской', '2008-03-09', 'Lake Flossie', 'Автор', 'CHAPTER IV. The Rabbit started violently, dropped the white kid gloves, and was in a sorrowful tone; \'at least there\'s no room at all like the three gardeners, but she could do, lying down on one of.', '2012-10-19 16:48:08', '2020-11-05 07:46:21');
INSERT INTO `profiles` (`user_id`, `media_id`, `gender`, `birthday`, `city`, `status`, `about_yourself`, `created_at`, `updated_at`) VALUES (42, 0, 'женский', '1992-05-11', 'Aracelyton', 'Автор', 'She had just begun to dream that she had to fall a long way back, and see what was the King; \'and don\'t look at them--\'I wish they\'d get the trial one way of keeping up the little thing howled so,.', '2016-03-12 22:07:19', '2020-07-15 12:59:54');
INSERT INTO `profiles` (`user_id`, `media_id`, `gender`, `birthday`, `city`, `status`, `about_yourself`, `created_at`, `updated_at`) VALUES (43, 0, 'женский', '1982-11-07', 'Chanelleton', 'Автор', 'I\'ll have you executed.\' The miserable Hatter dropped his teacup and bread-and-butter, and then added them up, and began to tremble. Alice looked at her, and she tried to look over their heads. She.', '2016-10-07 01:57:39', '2021-01-17 09:46:13');
INSERT INTO `profiles` (`user_id`, `media_id`, `gender`, `birthday`, `city`, `status`, `about_yourself`, `created_at`, `updated_at`) VALUES (44, 2, 'женский', '2004-08-04', 'Mantehaven', 'Автор', 'Gryphon remarked: \'because they lessen from day to such stuff? Be off, or I\'ll kick you down stairs!\' \'That is not said right,\' said the March Hare was said to the Mock Turtle. \'Certainly not!\' said.', '2014-01-23 19:03:12', '2020-04-15 15:40:23');
INSERT INTO `profiles` (`user_id`, `media_id`, `gender`, `birthday`, `city`, `status`, `about_yourself`, `created_at`, `updated_at`) VALUES (45, 85, 'женский', '1970-10-09', 'Jerodfurt', 'Автор', 'Duchess, \'and that\'s why. Pig!\' She said the Gryphon, before Alice could only hear whispers now and then treading on her hand, watching the setting sun, and thinking of little Alice and all would.', '2015-03-30 03:02:43', '2020-04-11 22:57:57');
INSERT INTO `profiles` (`user_id`, `media_id`, `gender`, `birthday`, `city`, `status`, `about_yourself`, `created_at`, `updated_at`) VALUES (46, 31, 'мужской', '1980-07-28', 'Berthaview', 'Автор', 'Mock Turtle repeated thoughtfully. \'I should like it very nice, (it had, in fact, I didn\'t know that you\'re mad?\' \'To begin with,\' the Mock Turtle, capering wildly about. \'Change lobsters again!\'.', '2012-11-02 23:25:32', '2021-02-12 02:17:19');
INSERT INTO `profiles` (`user_id`, `media_id`, `gender`, `birthday`, `city`, `status`, `about_yourself`, `created_at`, `updated_at`) VALUES (47, 84, 'женский', '1986-09-03', 'Wunschmouth', 'Читатель', 'Alice, \'we learned French and music.\' \'And washing?\' said the Caterpillar. \'Not QUITE right, I\'m afraid,\' said Alice, whose thoughts were still running on the bank, with her head!\' the Queen said.', '2011-12-25 20:27:08', '2020-11-07 02:15:10');
INSERT INTO `profiles` (`user_id`, `media_id`, `gender`, `birthday`, `city`, `status`, `about_yourself`, `created_at`, `updated_at`) VALUES (48, 27, 'женский', '1989-11-17', 'East Lamarburgh', 'Читатель', 'First, because I\'m on the second verse of the water, and seemed to quiver all over crumbs.\' \'You\'re wrong about the reason they\'re called lessons,\' the Gryphon went on. \'Would you like to be a.', '2013-10-10 10:02:25', '2020-07-12 12:59:36');
INSERT INTO `profiles` (`user_id`, `media_id`, `gender`, `birthday`, `city`, `status`, `about_yourself`, `created_at`, `updated_at`) VALUES (49, 0, 'мужской', '1977-02-11', 'Bauchside', 'Читатель', 'King hastily said, and went on again:-- \'I didn\'t mean it!\' pleaded poor Alice. \'But you\'re so easily offended!\' \'You\'ll get used up.\' \'But what am I to do?\' said Alice. \'Oh, don\'t talk about her.', '2018-02-07 08:02:14', '2021-01-15 19:50:36');
INSERT INTO `profiles` (`user_id`, `media_id`, `gender`, `birthday`, `city`, `status`, `about_yourself`, `created_at`, `updated_at`) VALUES (50, 0, 'мужской', '1975-11-09', 'South Dakotafort', 'Читатель', 'Five and Seven said nothing, but looked at the thought that SOMEBODY ought to be lost: away went Alice like the Queen?\' said the Mock Turtle had just begun to think about it, so she began very.', '2020-09-25 10:47:58', '2020-11-28 06:45:52');
INSERT INTO `profiles` (`user_id`, `media_id`, `gender`, `birthday`, `city`, `status`, `about_yourself`, `created_at`, `updated_at`) VALUES (51, 100, 'женский', '2019-05-01', 'Runolfssonborough', 'Читатель', 'Queen. \'It proves nothing of the house down!\' said the Dormouse. \'Don\'t talk nonsense,\' said Alice very humbly: \'you had got its neck nicely straightened out, and was going to dive in among the.', '2019-02-08 00:52:44', '2020-06-24 20:33:25');
INSERT INTO `profiles` (`user_id`, `media_id`, `gender`, `birthday`, `city`, `status`, `about_yourself`, `created_at`, `updated_at`) VALUES (52, 86, 'женский', '2018-09-05', 'South Jamison', 'Автор', 'Alice a little recovered from the change: and Alice looked at the Footman\'s head: it just now.\' \'It\'s the first really clever thing the King said, turning to Alice. \'Nothing,\' said Alice. \'Well,.', '2014-05-01 20:18:58', '2020-10-16 04:39:41');
INSERT INTO `profiles` (`user_id`, `media_id`, `gender`, `birthday`, `city`, `status`, `about_yourself`, `created_at`, `updated_at`) VALUES (53, 0, 'женский', '2005-01-14', 'East Tianna', 'Читатель', 'Alice timidly. \'Would you like to be seen--everything seemed to have no sort of chance of this, so that they were gardeners, or soldiers, or courtiers, or three pairs of tiny white kid gloves, and.', '2013-11-24 12:44:41', '2020-08-18 10:09:19');
INSERT INTO `profiles` (`user_id`, `media_id`, `gender`, `birthday`, `city`, `status`, `about_yourself`, `created_at`, `updated_at`) VALUES (54, 90, 'мужской', '2018-10-06', 'Handside', 'Читатель', 'THIS size: why, I should think it would be so stingy about it, and then said, \'It WAS a narrow escape!\' said Alice, in a helpless sort of chance of her or of anything else. CHAPTER V. Advice from a.', '2015-02-13 06:25:56', '2021-03-07 23:45:12');
INSERT INTO `profiles` (`user_id`, `media_id`, `gender`, `birthday`, `city`, `status`, `about_yourself`, `created_at`, `updated_at`) VALUES (55, 0, 'мужской', '2017-08-14', 'North Ryleyborough', 'Автор', 'However, she got back to the croquet-ground. The other guests had taken his watch out of breath, and said to herself, as usual. \'Come, there\'s half my plan done now! How puzzling all these changes.', '2015-06-06 20:21:51', '2020-10-27 10:50:03');
INSERT INTO `profiles` (`user_id`, `media_id`, `gender`, `birthday`, `city`, `status`, `about_yourself`, `created_at`, `updated_at`) VALUES (56, 13, 'женский', '1985-01-01', 'Lake Mustafaview', 'Читатель', 'Why, there\'s hardly room for this, and she told her sister, as well say,\' added the March Hare said in a shrill, loud voice, and see after some executions I have none, Why, I haven\'t had a little.', '2011-05-21 05:20:45', '2021-01-11 16:04:26');
INSERT INTO `profiles` (`user_id`, `media_id`, `gender`, `birthday`, `city`, `status`, `about_yourself`, `created_at`, `updated_at`) VALUES (57, 0, 'женский', '2000-08-02', 'Heidenreichbury', 'Автор', 'Pigeon in a hurried nervous manner, smiling at everything about her, to pass away the time. Alice had no very clear notion how long ago anything had happened.) So she began: \'O Mouse, do you know.', '2011-09-03 03:32:38', '2020-09-10 21:45:48');
INSERT INTO `profiles` (`user_id`, `media_id`, `gender`, `birthday`, `city`, `status`, `about_yourself`, `created_at`, `updated_at`) VALUES (58, 6, 'женский', '2005-06-06', 'Port Simshire', 'Читатель', 'Father William replied to his son, \'I feared it might be hungry, in which case it would like the Mock Turtle, \'they--you\'ve seen them, of course?\' \'Yes,\' said Alice, timidly; \'some of the tea--\'.', '2020-02-08 12:06:56', '2021-03-07 20:17:10');
INSERT INTO `profiles` (`user_id`, `media_id`, `gender`, `birthday`, `city`, `status`, `about_yourself`, `created_at`, `updated_at`) VALUES (59, 25, 'мужской', '1985-06-17', 'Joland', 'Автор', 'I wonder what they said. The executioner\'s argument was, that anything that looked like the look of the Mock Turtle in a deep sigh, \'I was a large cauldron which seemed to rise like a writing-desk?\'.', '2012-07-23 00:17:34', '2020-08-05 14:08:53');
INSERT INTO `profiles` (`user_id`, `media_id`, `gender`, `birthday`, `city`, `status`, `about_yourself`, `created_at`, `updated_at`) VALUES (60, 91, 'женский', '1975-04-12', 'West Sierra', 'Автор', 'Shakespeare, in the middle. Alice kept her eyes immediately met those of a well?\' The Dormouse shook its head to hide a smile: some of the birds hurried off at once: one old Magpie began wrapping.', '2012-04-24 14:17:07', '2020-04-17 07:38:50');
INSERT INTO `profiles` (`user_id`, `media_id`, `gender`, `birthday`, `city`, `status`, `about_yourself`, `created_at`, `updated_at`) VALUES (61, 0, 'мужской', '2013-12-29', 'Lake Elvera', 'Читатель', 'And then a voice sometimes choked with sobs, to sing this:-- \'Beautiful Soup, so rich and green, Waiting in a sulky tone; \'Seven jogged my elbow.\' On which Seven looked up and repeat \"\'TIS THE VOICE.', '2016-12-19 20:46:10', '2020-10-15 11:16:14');
INSERT INTO `profiles` (`user_id`, `media_id`, `gender`, `birthday`, `city`, `status`, `about_yourself`, `created_at`, `updated_at`) VALUES (62, 5, 'женский', '2004-08-14', 'Lueilwitzmouth', 'Читатель', 'English,\' thought Alice; \'but when you throw them, and was going to begin with,\' said the Gryphon. \'It all came different!\' the Mock Turtle in a voice she had to kneel down on their backs was the.', '2012-05-16 06:17:06', '2020-03-22 23:20:18');
INSERT INTO `profiles` (`user_id`, `media_id`, `gender`, `birthday`, `city`, `status`, `about_yourself`, `created_at`, `updated_at`) VALUES (63, 9, 'мужской', '2014-04-27', 'Littelmouth', 'Читатель', 'Alice could think of nothing else to do, so Alice soon began talking to herself, \'Which way? Which way?\', holding her hand on the ground near the door as you say \"What a pity!\"?\' the Rabbit coming.', '2019-03-13 02:32:02', '2021-01-05 18:10:51');
INSERT INTO `profiles` (`user_id`, `media_id`, `gender`, `birthday`, `city`, `status`, `about_yourself`, `created_at`, `updated_at`) VALUES (64, 13, 'женский', '2004-07-29', 'North Harley', 'Автор', 'Only I don\'t know of any that do,\' Alice said nothing; she had not noticed before, and he wasn\'t one?\' Alice asked. \'We called him a fish)--and rapped loudly at the righthand bit again, and went on.', '2018-10-07 22:36:45', '2020-04-05 17:05:28');
INSERT INTO `profiles` (`user_id`, `media_id`, `gender`, `birthday`, `city`, `status`, `about_yourself`, `created_at`, `updated_at`) VALUES (65, 0, 'женский', '2019-12-03', 'Halvorsonton', 'Автор', 'At this moment the door opened inwards, and Alice\'s first thought was that it made Alice quite hungry to look over their shoulders, that all the rest of the table, but it was a paper label, with the.', '2014-12-15 20:13:31', '2020-05-29 21:32:37');
INSERT INTO `profiles` (`user_id`, `media_id`, `gender`, `birthday`, `city`, `status`, `about_yourself`, `created_at`, `updated_at`) VALUES (66, 0, 'женский', '2019-03-10', 'Codyside', 'Читатель', 'Lobster Quadrille is!\' \'No, indeed,\' said Alice. \'Of course twinkling begins with an air of great relief. \'Call the next verse,\' the Gryphon whispered in a wondering tone. \'Why, what a Gryphon is,.', '2015-01-05 06:27:37', '2020-10-11 20:41:31');
INSERT INTO `profiles` (`user_id`, `media_id`, `gender`, `birthday`, `city`, `status`, `about_yourself`, `created_at`, `updated_at`) VALUES (67, 84, 'мужской', '1995-08-25', 'Huelsstad', 'Автор', 'Alice, as she ran. \'How surprised he\'ll be when he sneezes; For he can EVEN finish, if he doesn\'t begin.\' But she did not notice this question, but hurriedly went on, \'that they\'d let Dinah stop in.', '2014-10-25 05:45:34', '2020-12-20 10:36:31');
INSERT INTO `profiles` (`user_id`, `media_id`, `gender`, `birthday`, `city`, `status`, `about_yourself`, `created_at`, `updated_at`) VALUES (68, 58, 'мужской', '1986-02-26', 'New Clifford', 'Читатель', 'I shall be a lesson to you how the Dodo solemnly, rising to its children, \'Come away, my dears! It\'s high time you were INSIDE, you might like to see you any more!\' And here Alice began telling them.', '2017-08-09 16:25:25', '2020-12-26 20:35:09');
INSERT INTO `profiles` (`user_id`, `media_id`, `gender`, `birthday`, `city`, `status`, `about_yourself`, `created_at`, `updated_at`) VALUES (69, 0, 'мужской', '1995-06-29', 'Keiraville', 'Автор', 'YET,\' she said to the table for it, he was gone, and, by the White Rabbit. She was close behind us, and he\'s treading on her toes when they saw the Mock Turtle said: \'advance twice, set to work, and.', '2017-03-31 06:41:13', '2020-04-09 10:44:38');
INSERT INTO `profiles` (`user_id`, `media_id`, `gender`, `birthday`, `city`, `status`, `about_yourself`, `created_at`, `updated_at`) VALUES (70, 96, 'мужской', '2014-06-23', 'Lake Xavierhaven', 'Читатель', 'Alice\'s side as she went on, \'and most of \'em do.\' \'I don\'t know the meaning of half those long words, and, what\'s more, I don\'t take this young lady tells us a story!\' said the Hatter. \'Does YOUR.', '2014-08-19 19:18:43', '2020-05-12 04:58:22');
INSERT INTO `profiles` (`user_id`, `media_id`, `gender`, `birthday`, `city`, `status`, `about_yourself`, `created_at`, `updated_at`) VALUES (71, 0, 'мужской', '2009-08-01', 'Port Roy', 'Автор', 'She went on to the fifth bend, I think?\' \'I had NOT!\' cried the Mouse, who seemed to rise like a steam-engine when she got into it), and sometimes she scolded herself so severely as to prevent its.', '2012-07-13 14:12:52', '2020-08-10 00:00:17');
INSERT INTO `profiles` (`user_id`, `media_id`, `gender`, `birthday`, `city`, `status`, `about_yourself`, `created_at`, `updated_at`) VALUES (72, 0, 'мужской', '2001-10-07', 'Russchester', 'Автор', 'I think.\' And she began nibbling at the end of every line: \'Speak roughly to your tea; it\'s getting late.\' So Alice got up and saying, \'Thank you, it\'s a French mouse, come over with diamonds, and.', '2020-02-10 14:41:03', '2021-02-27 23:33:53');
INSERT INTO `profiles` (`user_id`, `media_id`, `gender`, `birthday`, `city`, `status`, `about_yourself`, `created_at`, `updated_at`) VALUES (73, 12, 'мужской', '2020-11-27', 'Port Birdie', 'Читатель', 'I shall see it again, but it all is! I\'ll try if I only knew the name \'Alice!\' CHAPTER XII. Alice\'s Evidence \'Here!\' cried Alice, with a little shriek, and went down to the jury, in a very small.', '2017-05-06 18:23:07', '2020-12-05 21:32:04');
INSERT INTO `profiles` (`user_id`, `media_id`, `gender`, `birthday`, `city`, `status`, `about_yourself`, `created_at`, `updated_at`) VALUES (74, 64, 'мужской', '2010-05-15', 'New Terencetown', 'Читатель', 'SOME change in my own tears! That WILL be a very grave voice, \'until all the jurymen are back in a very little use, as it can\'t possibly make me grow smaller, I suppose.\' So she called softly after.', '2018-08-01 21:10:21', '2020-05-29 17:02:51');
INSERT INTO `profiles` (`user_id`, `media_id`, `gender`, `birthday`, `city`, `status`, `about_yourself`, `created_at`, `updated_at`) VALUES (75, 0, 'мужской', '1988-09-04', 'South Lonnie', 'Автор', 'It\'s by far the most curious thing I ever saw one that size? Why, it fills the whole pack of cards!\' At this the whole cause, and condemn you to sit down without being seen, when she first saw the.', '2015-11-28 06:04:26', '2020-12-16 15:06:45');
INSERT INTO `profiles` (`user_id`, `media_id`, `gender`, `birthday`, `city`, `status`, `about_yourself`, `created_at`, `updated_at`) VALUES (76, 38, 'женский', '2006-02-10', 'Port Josue', 'Автор', 'But her sister was reading, but it did not like to show you! A little bright-eyed terrier, you know, upon the other side. The further off from England the nearer is to do next, when suddenly a White.', '2012-11-11 03:51:59', '2020-12-06 23:19:24');
INSERT INTO `profiles` (`user_id`, `media_id`, `gender`, `birthday`, `city`, `status`, `about_yourself`, `created_at`, `updated_at`) VALUES (77, 7, 'мужской', '1975-08-19', 'South Imogeneside', 'Читатель', 'Alice remained looking thoughtfully at the Lizard in head downwards, and the happy summer days. THE.', '2015-07-01 01:15:23', '2020-08-07 00:09:15');
INSERT INTO `profiles` (`user_id`, `media_id`, `gender`, `birthday`, `city`, `status`, `about_yourself`, `created_at`, `updated_at`) VALUES (78, 81, 'мужской', '1970-04-05', 'Luciousshire', 'Автор', 'Dodo, pointing to the Caterpillar, just as well wait, as she went on in a minute. Alice began to tremble. Alice looked round, eager to see it pop down a large plate came skimming out, straight at.', '2015-05-27 12:41:01', '2020-03-23 01:59:57');
INSERT INTO `profiles` (`user_id`, `media_id`, `gender`, `birthday`, `city`, `status`, `about_yourself`, `created_at`, `updated_at`) VALUES (79, 70, 'женский', '1970-10-04', 'Whitechester', 'Читатель', 'A bright idea came into her face. \'Very,\' said Alice: \'three inches is such a very interesting dance to watch,\' said Alice, who was talking. Alice could not swim. He sent them word I had not the.', '2014-08-06 12:49:46', '2020-07-04 01:12:19');
INSERT INTO `profiles` (`user_id`, `media_id`, `gender`, `birthday`, `city`, `status`, `about_yourself`, `created_at`, `updated_at`) VALUES (80, 0, 'мужской', '2006-03-02', 'Gunnarfort', 'Читатель', 'Hatter said, turning to the Queen, and Alice, were in custody and under sentence of execution. Then the Queen to play croquet.\' The Frog-Footman repeated, in the morning, just time to wash the.', '2014-03-04 20:14:17', '2021-02-27 17:30:41');
INSERT INTO `profiles` (`user_id`, `media_id`, `gender`, `birthday`, `city`, `status`, `about_yourself`, `created_at`, `updated_at`) VALUES (81, 63, 'женский', '1981-11-13', 'North Isabellabury', 'Читатель', 'INSIDE, you might do something better with the Queen, who were all writing very busily on slates. \'What are tarts made of?\' \'Pepper, mostly,\' said the Hatter. \'He won\'t stand beating. Now, if you.', '2015-11-30 06:10:31', '2020-04-17 11:55:40');
INSERT INTO `profiles` (`user_id`, `media_id`, `gender`, `birthday`, `city`, `status`, `about_yourself`, `created_at`, `updated_at`) VALUES (82, 73, 'женский', '1981-10-12', 'Aimeefurt', 'Автор', 'THE SLUGGARD,\"\' said the Cat. \'I don\'t like them!\' When the pie was all dark overhead; before her was another long passage, and the poor little Lizard, Bill, was in livery: otherwise, judging by his.', '2020-10-12 05:59:18', '2020-07-06 13:51:22');
INSERT INTO `profiles` (`user_id`, `media_id`, `gender`, `birthday`, `city`, `status`, `about_yourself`, `created_at`, `updated_at`) VALUES (83, 6, 'женский', '1977-09-09', 'Kleinstad', 'Читатель', 'For instance, suppose it doesn\'t understand English,\' thought Alice; \'but a grin without a porpoise.\' \'Wouldn\'t it really?\' said Alice doubtfully: \'it means--to--make--anything--prettier.\' \'Well,.', '2017-03-13 20:03:20', '2020-10-10 02:06:25');
INSERT INTO `profiles` (`user_id`, `media_id`, `gender`, `birthday`, `city`, `status`, `about_yourself`, `created_at`, `updated_at`) VALUES (84, 0, 'мужской', '1985-11-04', 'Port Noeliabury', 'Читатель', 'And argued each case with MINE,\' said the King was the Hatter. This piece of evidence we\'ve heard yet,\' said Alice; \'living at the flowers and the moon, and memory, and muchness--you know you say.', '2012-10-28 00:23:39', '2020-04-13 21:46:33');
INSERT INTO `profiles` (`user_id`, `media_id`, `gender`, `birthday`, `city`, `status`, `about_yourself`, `created_at`, `updated_at`) VALUES (85, 41, 'мужской', '1978-10-29', 'Stefanchester', 'Автор', 'Caterpillar. \'Not QUITE right, I\'m afraid,\' said Alice, who felt ready to make the arches. The chief difficulty Alice found at first was moderate. But the snail replied \"Too far, too far!\" and gave.', '2012-08-30 12:14:07', '2020-12-03 06:42:15');
INSERT INTO `profiles` (`user_id`, `media_id`, `gender`, `birthday`, `city`, `status`, `about_yourself`, `created_at`, `updated_at`) VALUES (86, 16, 'женский', '1974-08-01', 'Urbanville', 'Автор', 'I suppose?\' said Alice. \'Why, you don\'t like it, yer honour, at all, at all!\' \'Do as I used--and I don\'t believe there\'s an atom of meaning in them, after all. I needn\'t be afraid of interrupting.', '2012-07-16 17:39:02', '2020-05-08 15:53:11');
INSERT INTO `profiles` (`user_id`, `media_id`, `gender`, `birthday`, `city`, `status`, `about_yourself`, `created_at`, `updated_at`) VALUES (87, 79, 'женский', '1975-03-25', 'North Fatima', 'Читатель', 'Rabbit was still in sight, hurrying down it. There was nothing on it in her haste, she had to do with you. Mind now!\' The poor little thing howled so, that he shook his grey locks, \'I kept all my.', '2018-10-15 11:51:40', '2020-08-29 18:09:28');
INSERT INTO `profiles` (`user_id`, `media_id`, `gender`, `birthday`, `city`, `status`, `about_yourself`, `created_at`, `updated_at`) VALUES (88, 0, 'мужской', '1979-11-04', 'Dellaton', 'Читатель', 'King. The White Rabbit put on her spectacles, and began smoking again. This time there were no tears. \'If you\'re going to be, from one foot up the chimney, has he?\' said Alice thoughtfully: \'but.', '2012-03-18 22:44:36', '2020-04-28 04:54:21');
INSERT INTO `profiles` (`user_id`, `media_id`, `gender`, `birthday`, `city`, `status`, `about_yourself`, `created_at`, `updated_at`) VALUES (89, 17, 'женский', '2014-10-29', 'West Yadiraberg', 'Читатель', 'THESE?\' said the King, and the bright flower-beds and the Dormouse shall!\' they both sat silent for a few minutes, and she walked sadly down the middle, wondering how she would catch a bad cold if.', '2019-02-28 20:08:35', '2021-02-13 15:43:40');
INSERT INTO `profiles` (`user_id`, `media_id`, `gender`, `birthday`, `city`, `status`, `about_yourself`, `created_at`, `updated_at`) VALUES (90, 30, 'женский', '1986-12-19', 'East Serenaville', 'Автор', 'Dormouse is asleep again,\' said the Lory, with a lobster as a boon, Was kindly permitted to pocket the spoon: While the Duchess asked, with another hedgehog, which seemed to be a lesson to you how.', '2013-04-09 16:59:38', '2020-04-05 21:24:08');
INSERT INTO `profiles` (`user_id`, `media_id`, `gender`, `birthday`, `city`, `status`, `about_yourself`, `created_at`, `updated_at`) VALUES (91, 23, 'мужской', '1971-05-06', 'Rathmouth', 'Читатель', 'Alice. \'I mean what I get\" is the use of a sea of green leaves that had fluttered down from the time he was speaking, so that her flamingo was gone in a game of croquet she was losing her temper..', '2012-12-22 19:51:20', '2021-01-13 15:24:57');
INSERT INTO `profiles` (`user_id`, `media_id`, `gender`, `birthday`, `city`, `status`, `about_yourself`, `created_at`, `updated_at`) VALUES (92, 44, 'женский', '2012-02-03', 'South Isabellfort', 'Читатель', 'NOT marked \'poison,\' it is almost certain to disagree with you, sooner or later. However, this bottle was a dispute going on rather better now,\' she added in an undertone to the garden with one.', '2017-10-11 06:17:27', '2020-11-23 10:42:29');
INSERT INTO `profiles` (`user_id`, `media_id`, `gender`, `birthday`, `city`, `status`, `about_yourself`, `created_at`, `updated_at`) VALUES (93, 0, 'мужской', '2005-06-26', 'West Maximus', 'Читатель', 'Alice could see, as they would go, and broke off a head unless there was hardly room for YOU, and no more to be full of soup. \'There\'s certainly too much overcome to do with this creature when I.', '2013-01-12 12:48:16', '2020-11-07 21:26:32');
INSERT INTO `profiles` (`user_id`, `media_id`, `gender`, `birthday`, `city`, `status`, `about_yourself`, `created_at`, `updated_at`) VALUES (94, 0, 'мужской', '2008-04-26', 'O\'Reillyshire', 'Автор', 'Caterpillar contemptuously. \'Who are YOU?\' Which brought them back again to the puppy; whereupon the puppy jumped into the garden. Then she went in search of her age knew the name of nearly.', '2021-01-26 10:17:20', '2021-01-06 20:33:23');
INSERT INTO `profiles` (`user_id`, `media_id`, `gender`, `birthday`, `city`, `status`, `about_yourself`, `created_at`, `updated_at`) VALUES (95, 61, 'мужской', '1986-02-24', 'Lake Angieview', 'Автор', 'YOUR shoes done with?\' said the King; and as it went, \'One side of WHAT? The other guests had taken his watch out of his Normans--\" How are you getting on?\' said the youth, \'one would hardly suppose.', '2011-12-16 06:15:14', '2020-10-24 04:09:43');
INSERT INTO `profiles` (`user_id`, `media_id`, `gender`, `birthday`, `city`, `status`, `about_yourself`, `created_at`, `updated_at`) VALUES (96, 95, 'мужской', '2008-11-19', 'Leilashire', 'Автор', 'Alice noticed, had powdered hair that WOULD always get into the garden, where Alice could bear: she got used to queer things happening. While she was going on within--a constant howling and.', '2015-04-12 13:28:04', '2020-12-22 06:31:03');
INSERT INTO `profiles` (`user_id`, `media_id`, `gender`, `birthday`, `city`, `status`, `about_yourself`, `created_at`, `updated_at`) VALUES (97, 0, 'мужской', '1998-07-02', 'Lake Aliyah', 'Читатель', 'CHAPTER II. The Pool of Tears \'Curiouser and curiouser!\' cried Alice again, for this curious child was very likely it can be,\' said the Eaglet. \'I don\'t think--\' \'Then you should say what you would.', '2015-03-10 15:09:42', '2020-05-23 17:29:57');
INSERT INTO `profiles` (`user_id`, `media_id`, `gender`, `birthday`, `city`, `status`, `about_yourself`, `created_at`, `updated_at`) VALUES (98, 95, 'женский', '1982-12-27', 'O\'Keefeside', 'Читатель', 'Mystery,\' the Mock Turtle, and to her to speak first, \'why your cat grins like that?\' \'It\'s a Cheshire cat,\' said the Cat. \'--so long as I used--and I don\'t care which happens!\' She ate a little.', '2018-10-27 15:36:10', '2020-06-11 00:07:37');
INSERT INTO `profiles` (`user_id`, `media_id`, `gender`, `birthday`, `city`, `status`, `about_yourself`, `created_at`, `updated_at`) VALUES (99, 0, 'женский', '2007-06-20', 'Gibsonborough', 'Читатель', 'I shall think nothing of the creature, but on second thoughts she decided to remain where she was, and waited. When the procession came opposite to Alice, she went back to the Gryphon. Alice did not.', '2018-07-22 10:07:35', '2020-11-28 01:42:39');
INSERT INTO `profiles` (`user_id`, `media_id`, `gender`, `birthday`, `city`, `status`, `about_yourself`, `created_at`, `updated_at`) VALUES (100, 0, 'женский', '1999-08-24', 'Lake Osbaldo', 'Читатель', 'I\'m not Ada,\' she said, \'for her hair goes in such a dreadful time.\' So Alice began in a very truthful child; \'but little girls in my time, but never ONE with such a puzzled expression that she.', '2012-05-29 03:28:49', '2020-04-02 00:56:14');


INSERT INTO `read_books` (`user_id`, `book_id`, `book_status_id`, `created_at`, `updated_at`) VALUES (6, 74, 3, '2017-11-27 18:21:18', '2021-02-13 18:15:00');
INSERT INTO `read_books` (`user_id`, `book_id`, `book_status_id`, `created_at`, `updated_at`) VALUES (66, 82, 1, '2020-01-21 21:33:06', '2020-07-11 12:29:20');
INSERT INTO `read_books` (`user_id`, `book_id`, `book_status_id`, `created_at`, `updated_at`) VALUES (2, 2, 4, '2013-09-09 06:03:56', '2020-06-29 02:00:21');
INSERT INTO `read_books` (`user_id`, `book_id`, `book_status_id`, `created_at`, `updated_at`) VALUES (56, 33, 3, '2017-12-03 03:39:11', '2021-01-16 09:37:44');
INSERT INTO `read_books` (`user_id`, `book_id`, `book_status_id`, `created_at`, `updated_at`) VALUES (65, 56, 1, '2018-08-05 04:50:03', '2021-02-06 07:22:17');
INSERT INTO `read_books` (`user_id`, `book_id`, `book_status_id`, `created_at`, `updated_at`) VALUES (67, 8, 2, '2015-11-06 11:07:54', '2021-02-07 13:26:38');
INSERT INTO `read_books` (`user_id`, `book_id`, `book_status_id`, `created_at`, `updated_at`) VALUES (66, 43, 1, '2017-07-28 17:19:09', '2021-03-02 01:16:45');
INSERT INTO `read_books` (`user_id`, `book_id`, `book_status_id`, `created_at`, `updated_at`) VALUES (75, 7, 3, '2011-12-31 09:28:06', '2021-03-06 01:20:34');
INSERT INTO `read_books` (`user_id`, `book_id`, `book_status_id`, `created_at`, `updated_at`) VALUES (86, 61, 1, '2014-03-21 10:48:52', '2021-02-22 03:06:14');
INSERT INTO `read_books` (`user_id`, `book_id`, `book_status_id`, `created_at`, `updated_at`) VALUES (80, 35, 4, '2015-11-14 04:49:14', '2020-10-22 22:31:57');
INSERT INTO `read_books` (`user_id`, `book_id`, `book_status_id`, `created_at`, `updated_at`) VALUES (84, 24, 4, '2016-12-08 16:06:32', '2020-09-05 16:08:58');
INSERT INTO `read_books` (`user_id`, `book_id`, `book_status_id`, `created_at`, `updated_at`) VALUES (1, 43, 3, '2013-08-25 09:54:49', '2020-12-18 09:20:57');
INSERT INTO `read_books` (`user_id`, `book_id`, `book_status_id`, `created_at`, `updated_at`) VALUES (38, 38, 2, '2014-04-29 10:05:59', '2020-10-15 22:05:45');
INSERT INTO `read_books` (`user_id`, `book_id`, `book_status_id`, `created_at`, `updated_at`) VALUES (44, 11, 3, '2012-01-13 20:42:44', '2020-12-08 01:10:59');
INSERT INTO `read_books` (`user_id`, `book_id`, `book_status_id`, `created_at`, `updated_at`) VALUES (80, 42, 3, '2016-12-16 16:01:39', '2021-02-19 04:21:17');
INSERT INTO `read_books` (`user_id`, `book_id`, `book_status_id`, `created_at`, `updated_at`) VALUES (54, 91, 1, '2013-01-09 22:38:30', '2020-12-18 12:20:42');
INSERT INTO `read_books` (`user_id`, `book_id`, `book_status_id`, `created_at`, `updated_at`) VALUES (40, 67, 2, '2015-12-24 14:12:38', '2020-05-14 03:25:01');
INSERT INTO `read_books` (`user_id`, `book_id`, `book_status_id`, `created_at`, `updated_at`) VALUES (54, 72, 1, '2020-02-07 05:11:37', '2020-04-21 19:37:39');
INSERT INTO `read_books` (`user_id`, `book_id`, `book_status_id`, `created_at`, `updated_at`) VALUES (78, 67, 1, '2017-12-31 17:40:26', '2020-08-26 13:54:16');
INSERT INTO `read_books` (`user_id`, `book_id`, `book_status_id`, `created_at`, `updated_at`) VALUES (57, 35, 2, '2014-10-18 13:57:07', '2021-02-18 22:55:41');
INSERT INTO `read_books` (`user_id`, `book_id`, `book_status_id`, `created_at`, `updated_at`) VALUES (71, 95, 1, '2016-06-06 04:31:59', '2020-10-26 02:20:11');
INSERT INTO `read_books` (`user_id`, `book_id`, `book_status_id`, `created_at`, `updated_at`) VALUES (55, 98, 2, '2015-10-27 09:08:59', '2020-12-05 16:29:01');
INSERT INTO `read_books` (`user_id`, `book_id`, `book_status_id`, `created_at`, `updated_at`) VALUES (81, 94, 1, '2018-06-10 10:24:35', '2020-11-22 07:33:33');
INSERT INTO `read_books` (`user_id`, `book_id`, `book_status_id`, `created_at`, `updated_at`) VALUES (9, 80, 3, '2015-11-25 08:20:59', '2020-10-19 09:43:45');
INSERT INTO `read_books` (`user_id`, `book_id`, `book_status_id`, `created_at`, `updated_at`) VALUES (94, 74, 4, '2012-07-09 15:28:31', '2020-09-05 11:33:36');
INSERT INTO `read_books` (`user_id`, `book_id`, `book_status_id`, `created_at`, `updated_at`) VALUES (70, 31, 4, '2013-02-13 12:34:57', '2020-09-11 01:18:17');
INSERT INTO `read_books` (`user_id`, `book_id`, `book_status_id`, `created_at`, `updated_at`) VALUES (5, 39, 2, '2013-08-04 10:44:47', '2020-09-09 03:47:20');
INSERT INTO `read_books` (`user_id`, `book_id`, `book_status_id`, `created_at`, `updated_at`) VALUES (63, 34, 3, '2019-04-13 17:38:28', '2020-09-08 20:38:57');
INSERT INTO `read_books` (`user_id`, `book_id`, `book_status_id`, `created_at`, `updated_at`) VALUES (34, 76, 4, '2013-08-01 22:53:35', '2020-10-19 13:33:33');
INSERT INTO `read_books` (`user_id`, `book_id`, `book_status_id`, `created_at`, `updated_at`) VALUES (71, 99, 2, '2019-06-23 00:14:05', '2020-08-13 16:02:31');
INSERT INTO `read_books` (`user_id`, `book_id`, `book_status_id`, `created_at`, `updated_at`) VALUES (3, 39, 4, '2016-10-17 12:11:00', '2020-08-02 15:35:27');
INSERT INTO `read_books` (`user_id`, `book_id`, `book_status_id`, `created_at`, `updated_at`) VALUES (3, 50, 4, '2011-12-30 20:27:53', '2020-12-15 10:54:40');
INSERT INTO `read_books` (`user_id`, `book_id`, `book_status_id`, `created_at`, `updated_at`) VALUES (2, 16, 3, '2020-03-29 16:00:39', '2020-03-28 07:02:17');
INSERT INTO `read_books` (`user_id`, `book_id`, `book_status_id`, `created_at`, `updated_at`) VALUES (96, 13, 4, '2018-02-17 13:41:42', '2020-06-17 06:41:03');
INSERT INTO `read_books` (`user_id`, `book_id`, `book_status_id`, `created_at`, `updated_at`) VALUES (24, 8, 4, '2017-06-11 14:08:16', '2020-08-28 16:56:40');
INSERT INTO `read_books` (`user_id`, `book_id`, `book_status_id`, `created_at`, `updated_at`) VALUES (83, 5, 4, '2014-11-27 19:49:45', '2020-07-19 13:27:08');
INSERT INTO `read_books` (`user_id`, `book_id`, `book_status_id`, `created_at`, `updated_at`) VALUES (13, 60, 2, '2013-07-02 06:45:52', '2020-05-10 13:32:11');
INSERT INTO `read_books` (`user_id`, `book_id`, `book_status_id`, `created_at`, `updated_at`) VALUES (8, 91, 1, '2014-09-29 10:06:49', '2020-04-21 23:28:48');
INSERT INTO `read_books` (`user_id`, `book_id`, `book_status_id`, `created_at`, `updated_at`) VALUES (1, 60, 2, '2020-05-16 14:03:00', '2020-06-13 09:44:09');
INSERT INTO `read_books` (`user_id`, `book_id`, `book_status_id`, `created_at`, `updated_at`) VALUES (38, 59, 1, '2013-11-01 03:42:56', '2020-11-27 17:27:52');
INSERT INTO `read_books` (`user_id`, `book_id`, `book_status_id`, `created_at`, `updated_at`) VALUES (94, 73, 3, '2015-06-14 14:28:19', '2021-02-12 07:01:54');
INSERT INTO `read_books` (`user_id`, `book_id`, `book_status_id`, `created_at`, `updated_at`) VALUES (76, 16, 1, '2020-09-15 21:47:36', '2020-04-30 19:43:39');
INSERT INTO `read_books` (`user_id`, `book_id`, `book_status_id`, `created_at`, `updated_at`) VALUES (74, 42, 1, '2021-03-06 22:35:26', '2020-09-11 16:45:41');
INSERT INTO `read_books` (`user_id`, `book_id`, `book_status_id`, `created_at`, `updated_at`) VALUES (1, 57, 3, '2020-06-14 05:23:20', '2020-06-27 06:02:23');
INSERT INTO `read_books` (`user_id`, `book_id`, `book_status_id`, `created_at`, `updated_at`) VALUES (11, 93, 3, '2020-04-12 13:00:54', '2020-09-30 17:45:38');
INSERT INTO `read_books` (`user_id`, `book_id`, `book_status_id`, `created_at`, `updated_at`) VALUES (35, 87, 4, '2019-09-17 07:51:59', '2020-04-17 17:01:44');
INSERT INTO `read_books` (`user_id`, `book_id`, `book_status_id`, `created_at`, `updated_at`) VALUES (6, 86, 4, '2012-02-25 11:58:41', '2020-07-05 10:04:28');
INSERT INTO `read_books` (`user_id`, `book_id`, `book_status_id`, `created_at`, `updated_at`) VALUES (26, 23, 1, '2021-01-05 19:38:42', '2020-08-11 06:32:57');
INSERT INTO `read_books` (`user_id`, `book_id`, `book_status_id`, `created_at`, `updated_at`) VALUES (55, 93, 3, '2018-08-22 06:26:20', '2020-09-22 14:42:44');
INSERT INTO `read_books` (`user_id`, `book_id`, `book_status_id`, `created_at`, `updated_at`) VALUES (14, 5, 1, '2012-06-24 20:46:49', '2020-05-26 04:41:28');
INSERT INTO `read_books` (`user_id`, `book_id`, `book_status_id`, `created_at`, `updated_at`) VALUES (83, 24, 2, '2016-12-08 21:20:14', '2020-10-29 15:37:06');
INSERT INTO `read_books` (`user_id`, `book_id`, `book_status_id`, `created_at`, `updated_at`) VALUES (79, 25, 1, '2018-02-01 11:42:21', '2020-04-01 04:31:18');
INSERT INTO `read_books` (`user_id`, `book_id`, `book_status_id`, `created_at`, `updated_at`) VALUES (4, 65, 2, '2020-12-21 03:53:09', '2020-10-07 01:18:41');
INSERT INTO `read_books` (`user_id`, `book_id`, `book_status_id`, `created_at`, `updated_at`) VALUES (71, 44, 3, '2014-10-16 19:54:52', '2020-10-24 23:54:59');
INSERT INTO `read_books` (`user_id`, `book_id`, `book_status_id`, `created_at`, `updated_at`) VALUES (8, 25, 4, '2018-02-08 17:34:36', '2021-01-22 21:46:16');
INSERT INTO `read_books` (`user_id`, `book_id`, `book_status_id`, `created_at`, `updated_at`) VALUES (42, 97, 2, '2017-06-08 20:21:57', '2020-09-05 23:07:44');
INSERT INTO `read_books` (`user_id`, `book_id`, `book_status_id`, `created_at`, `updated_at`) VALUES (74, 83, 4, '2014-04-25 11:08:42', '2020-08-26 02:10:08');
INSERT INTO `read_books` (`user_id`, `book_id`, `book_status_id`, `created_at`, `updated_at`) VALUES (99, 46, 3, '2018-01-13 01:42:23', '2020-12-31 17:55:18');
INSERT INTO `read_books` (`user_id`, `book_id`, `book_status_id`, `created_at`, `updated_at`) VALUES (12, 70, 2, '2016-06-03 21:08:00', '2020-04-04 11:42:07');
INSERT INTO `read_books` (`user_id`, `book_id`, `book_status_id`, `created_at`, `updated_at`) VALUES (94, 21, 4, '2019-11-29 13:48:43', '2021-01-23 06:14:54');
INSERT INTO `read_books` (`user_id`, `book_id`, `book_status_id`, `created_at`, `updated_at`) VALUES (98, 34, 1, '2021-02-19 12:05:16', '2020-09-06 12:11:59');
INSERT INTO `read_books` (`user_id`, `book_id`, `book_status_id`, `created_at`, `updated_at`) VALUES (57, 64, 3, '2014-08-27 21:41:06', '2020-08-31 16:41:19');
INSERT INTO `read_books` (`user_id`, `book_id`, `book_status_id`, `created_at`, `updated_at`) VALUES (33, 18, 1, '2015-08-12 10:48:11', '2021-02-19 01:48:59');
INSERT INTO `read_books` (`user_id`, `book_id`, `book_status_id`, `created_at`, `updated_at`) VALUES (30, 93, 1, '2013-05-22 19:14:05', '2020-04-05 04:18:32');
INSERT INTO `read_books` (`user_id`, `book_id`, `book_status_id`, `created_at`, `updated_at`) VALUES (99, 54, 2, '2016-04-07 19:43:57', '2020-04-07 07:51:15');
INSERT INTO `read_books` (`user_id`, `book_id`, `book_status_id`, `created_at`, `updated_at`) VALUES (63, 91, 4, '2013-07-11 02:46:06', '2020-06-24 16:19:12');
INSERT INTO `read_books` (`user_id`, `book_id`, `book_status_id`, `created_at`, `updated_at`) VALUES (28, 92, 3, '2018-03-13 18:27:02', '2020-06-01 06:42:48');
INSERT INTO `read_books` (`user_id`, `book_id`, `book_status_id`, `created_at`, `updated_at`) VALUES (67, 3, 2, '2012-03-22 21:29:04', '2020-11-12 12:05:23');
INSERT INTO `read_books` (`user_id`, `book_id`, `book_status_id`, `created_at`, `updated_at`) VALUES (80, 81, 3, '2020-10-06 07:38:52', '2020-11-29 09:37:39');
INSERT INTO `read_books` (`user_id`, `book_id`, `book_status_id`, `created_at`, `updated_at`) VALUES (86, 26, 3, '2013-03-01 19:03:42', '2020-07-01 16:17:20');
INSERT INTO `read_books` (`user_id`, `book_id`, `book_status_id`, `created_at`, `updated_at`) VALUES (88, 25, 4, '2012-06-24 20:43:28', '2020-11-10 21:35:12');
INSERT INTO `read_books` (`user_id`, `book_id`, `book_status_id`, `created_at`, `updated_at`) VALUES (50, 44, 1, '2017-02-08 09:53:32', '2020-05-18 05:04:10');
INSERT INTO `read_books` (`user_id`, `book_id`, `book_status_id`, `created_at`, `updated_at`) VALUES (43, 53, 4, '2019-07-19 09:55:34', '2020-04-01 00:42:36');
INSERT INTO `read_books` (`user_id`, `book_id`, `book_status_id`, `created_at`, `updated_at`) VALUES (21, 47, 2, '2016-01-17 15:39:48', '2020-10-22 00:12:02');
INSERT INTO `read_books` (`user_id`, `book_id`, `book_status_id`, `created_at`, `updated_at`) VALUES (93, 8, 1, '2020-06-10 00:39:02', '2020-11-02 16:45:49');
INSERT INTO `read_books` (`user_id`, `book_id`, `book_status_id`, `created_at`, `updated_at`) VALUES (56, 98, 4, '2017-05-12 09:40:42', '2020-09-28 07:04:02');
INSERT INTO `read_books` (`user_id`, `book_id`, `book_status_id`, `created_at`, `updated_at`) VALUES (73, 78, 4, '2018-09-07 01:23:38', '2020-08-01 10:04:34');
INSERT INTO `read_books` (`user_id`, `book_id`, `book_status_id`, `created_at`, `updated_at`) VALUES (96, 24, 2, '2014-12-12 03:11:12', '2020-05-09 19:48:25');
INSERT INTO `read_books` (`user_id`, `book_id`, `book_status_id`, `created_at`, `updated_at`) VALUES (49, 71, 4, '2016-06-24 15:08:14', '2020-12-24 10:33:55');
INSERT INTO `read_books` (`user_id`, `book_id`, `book_status_id`, `created_at`, `updated_at`) VALUES (23, 95, 2, '2020-07-08 00:00:33', '2020-11-22 11:51:02');
INSERT INTO `read_books` (`user_id`, `book_id`, `book_status_id`, `created_at`, `updated_at`) VALUES (8, 77, 1, '2019-11-24 09:24:36', '2020-11-16 05:56:49');
INSERT INTO `read_books` (`user_id`, `book_id`, `book_status_id`, `created_at`, `updated_at`) VALUES (91, 64, 2, '2016-08-20 12:57:45', '2020-05-07 09:43:06');
INSERT INTO `read_books` (`user_id`, `book_id`, `book_status_id`, `created_at`, `updated_at`) VALUES (27, 19, 3, '2014-04-20 12:50:32', '2020-06-17 20:44:07');
INSERT INTO `read_books` (`user_id`, `book_id`, `book_status_id`, `created_at`, `updated_at`) VALUES (97, 92, 2, '2020-05-17 19:49:42', '2020-06-01 15:28:11');
INSERT INTO `read_books` (`user_id`, `book_id`, `book_status_id`, `created_at`, `updated_at`) VALUES (93, 73, 4, '2020-12-05 02:20:07', '2020-05-30 14:06:53');
INSERT INTO `read_books` (`user_id`, `book_id`, `book_status_id`, `created_at`, `updated_at`) VALUES (14, 9, 1, '2017-01-12 04:37:43', '2020-05-18 21:43:24');
INSERT INTO `read_books` (`user_id`, `book_id`, `book_status_id`, `created_at`, `updated_at`) VALUES (33, 74, 1, '2011-07-14 07:41:55', '2020-11-14 01:05:54');
INSERT INTO `read_books` (`user_id`, `book_id`, `book_status_id`, `created_at`, `updated_at`) VALUES (36, 35, 2, '2018-10-15 20:01:16', '2021-02-10 12:57:35');
INSERT INTO `read_books` (`user_id`, `book_id`, `book_status_id`, `created_at`, `updated_at`) VALUES (68, 23, 4, '2013-01-14 22:06:00', '2020-11-09 15:30:45');
INSERT INTO `read_books` (`user_id`, `book_id`, `book_status_id`, `created_at`, `updated_at`) VALUES (26, 76, 4, '2014-07-30 16:38:24', '2020-09-08 20:03:00');
INSERT INTO `read_books` (`user_id`, `book_id`, `book_status_id`, `created_at`, `updated_at`) VALUES (76, 28, 3, '2012-10-18 20:44:59', '2020-08-16 09:20:16');
INSERT INTO `read_books` (`user_id`, `book_id`, `book_status_id`, `created_at`, `updated_at`) VALUES (69, 67, 1, '2019-09-21 10:06:14', '2021-02-28 12:34:05');
INSERT INTO `read_books` (`user_id`, `book_id`, `book_status_id`, `created_at`, `updated_at`) VALUES (67, 99, 2, '2020-04-08 06:58:55', '2020-03-27 15:40:19');
INSERT INTO `read_books` (`user_id`, `book_id`, `book_status_id`, `created_at`, `updated_at`) VALUES (48, 13, 3, '2017-05-23 17:00:39', '2021-02-25 02:14:05');
INSERT INTO `read_books` (`user_id`, `book_id`, `book_status_id`, `created_at`, `updated_at`) VALUES (1, 10, 2, '2014-01-09 09:58:38', '2020-03-18 18:51:39');
INSERT INTO `read_books` (`user_id`, `book_id`, `book_status_id`, `created_at`, `updated_at`) VALUES (37, 59, 4, '2016-08-02 11:07:50', '2020-05-03 21:37:31');
INSERT INTO `read_books` (`user_id`, `book_id`, `book_status_id`, `created_at`, `updated_at`) VALUES (79, 1, 4, '2015-09-07 01:49:03', '2020-12-25 13:26:29');
INSERT INTO `read_books` (`user_id`, `book_id`, `book_status_id`, `created_at`, `updated_at`) VALUES (81, 63, 1, '2020-12-26 20:14:35', '2020-10-15 20:45:09');
INSERT INTO `read_books` (`user_id`, `book_id`, `book_status_id`, `created_at`, `updated_at`) VALUES (30, 21, 3, '2019-10-30 05:48:45', '2020-10-21 21:12:58');
INSERT INTO `read_books` (`user_id`, `book_id`, `book_status_id`, `created_at`, `updated_at`) VALUES (87, 27, 2, '2016-08-04 22:04:14', '2020-08-11 12:09:41');
INSERT INTO `read_books` (`user_id`, `book_id`, `book_status_id`, `created_at`, `updated_at`) VALUES (74, 8, 4, '2020-06-25 23:29:01', '2020-10-14 15:53:03');
INSERT INTO `read_books` (`user_id`, `book_id`, `book_status_id`, `created_at`, `updated_at`) VALUES (45, 29, 1, '2012-01-13 11:41:13', '2021-02-12 09:54:56');
INSERT INTO `read_books` (`user_id`, `book_id`, `book_status_id`, `created_at`, `updated_at`) VALUES (49, 98, 2, '2013-12-23 00:14:47', '2021-01-20 10:17:58');
INSERT INTO `read_books` (`user_id`, `book_id`, `book_status_id`, `created_at`, `updated_at`) VALUES (80, 9, 4, '2014-08-03 14:49:03', '2020-06-28 08:39:12');
INSERT INTO `read_books` (`user_id`, `book_id`, `book_status_id`, `created_at`, `updated_at`) VALUES (69, 64, 2, '2020-02-19 06:34:43', '2020-11-26 17:06:20');
INSERT INTO `read_books` (`user_id`, `book_id`, `book_status_id`, `created_at`, `updated_at`) VALUES (73, 3, 4, '2018-01-10 02:03:49', '2020-06-20 14:47:07');
INSERT INTO `read_books` (`user_id`, `book_id`, `book_status_id`, `created_at`, `updated_at`) VALUES (52, 64, 3, '2014-05-27 17:19:18', '2020-12-31 16:47:56');
INSERT INTO `read_books` (`user_id`, `book_id`, `book_status_id`, `created_at`, `updated_at`) VALUES (70, 28, 1, '2014-07-17 07:54:52', '2020-08-15 23:11:49');
INSERT INTO `read_books` (`user_id`, `book_id`, `book_status_id`, `created_at`, `updated_at`) VALUES (77, 82, 4, '2014-03-05 02:45:13', '2020-09-01 10:08:25');
INSERT INTO `read_books` (`user_id`, `book_id`, `book_status_id`, `created_at`, `updated_at`) VALUES (5, 53, 1, '2016-06-03 13:15:35', '2021-02-26 22:19:30');
INSERT INTO `read_books` (`user_id`, `book_id`, `book_status_id`, `created_at`, `updated_at`) VALUES (93, 7, 4, '2012-03-26 05:30:02', '2020-05-08 13:17:44');
INSERT INTO `read_books` (`user_id`, `book_id`, `book_status_id`, `created_at`, `updated_at`) VALUES (40, 74, 3, '2013-12-04 02:41:18', '2020-04-27 18:28:58');
INSERT INTO `read_books` (`user_id`, `book_id`, `book_status_id`, `created_at`, `updated_at`) VALUES (99, 71, 2, '2011-04-05 05:41:35', '2020-04-28 06:28:01');
INSERT INTO `read_books` (`user_id`, `book_id`, `book_status_id`, `created_at`, `updated_at`) VALUES (65, 1, 4, '2020-04-29 13:30:21', '2021-02-13 19:22:08');
INSERT INTO `read_books` (`user_id`, `book_id`, `book_status_id`, `created_at`, `updated_at`) VALUES (69, 9, 2, '2015-07-16 15:39:29', '2021-01-03 22:44:14');
INSERT INTO `read_books` (`user_id`, `book_id`, `book_status_id`, `created_at`, `updated_at`) VALUES (34, 57, 3, '2011-07-13 13:26:04', '2021-01-01 22:12:19');
INSERT INTO `read_books` (`user_id`, `book_id`, `book_status_id`, `created_at`, `updated_at`) VALUES (32, 23, 1, '2017-06-13 06:26:41', '2020-12-09 10:28:18');
INSERT INTO `read_books` (`user_id`, `book_id`, `book_status_id`, `created_at`, `updated_at`) VALUES (43, 47, 2, '2013-06-23 08:18:07', '2020-11-16 12:01:08');
INSERT INTO `read_books` (`user_id`, `book_id`, `book_status_id`, `created_at`, `updated_at`) VALUES (56, 55, 4, '2020-09-24 23:28:07', '2020-06-21 07:01:31');
INSERT INTO `read_books` (`user_id`, `book_id`, `book_status_id`, `created_at`, `updated_at`) VALUES (81, 18, 4, '2014-08-03 12:27:06', '2021-01-09 11:01:48');
INSERT INTO `read_books` (`user_id`, `book_id`, `book_status_id`, `created_at`, `updated_at`) VALUES (21, 15, 4, '2019-01-26 14:44:20', '2021-02-15 17:48:17');
INSERT INTO `read_books` (`user_id`, `book_id`, `book_status_id`, `created_at`, `updated_at`) VALUES (96, 52, 3, '2018-03-07 10:44:43', '2020-06-13 22:43:12');
INSERT INTO `read_books` (`user_id`, `book_id`, `book_status_id`, `created_at`, `updated_at`) VALUES (7, 72, 4, '2012-06-08 13:18:27', '2020-11-20 01:37:21');
INSERT INTO `read_books` (`user_id`, `book_id`, `book_status_id`, `created_at`, `updated_at`) VALUES (60, 17, 2, '2017-08-06 19:24:22', '2021-01-20 03:07:19');
INSERT INTO `read_books` (`user_id`, `book_id`, `book_status_id`, `created_at`, `updated_at`) VALUES (81, 29, 4, '2015-05-02 21:49:11', '2020-07-21 16:41:58');
INSERT INTO `read_books` (`user_id`, `book_id`, `book_status_id`, `created_at`, `updated_at`) VALUES (15, 42, 3, '2012-09-19 17:30:44', '2021-01-31 23:58:21');
INSERT INTO `read_books` (`user_id`, `book_id`, `book_status_id`, `created_at`, `updated_at`) VALUES (7, 10, 2, '2015-02-12 09:41:32', '2020-12-28 20:56:02');
INSERT INTO `read_books` (`user_id`, `book_id`, `book_status_id`, `created_at`, `updated_at`) VALUES (49, 97, 1, '2019-01-31 05:06:12', '2020-05-05 21:34:23');
INSERT INTO `read_books` (`user_id`, `book_id`, `book_status_id`, `created_at`, `updated_at`) VALUES (48, 100, 1, '2020-01-14 04:33:25', '2020-12-27 22:38:36');
INSERT INTO `read_books` (`user_id`, `book_id`, `book_status_id`, `created_at`, `updated_at`) VALUES (3, 47, 4, '2020-10-07 22:03:17', '2020-06-27 06:07:55');
INSERT INTO `read_books` (`user_id`, `book_id`, `book_status_id`, `created_at`, `updated_at`) VALUES (51, 33, 3, '2015-04-27 20:27:09', '2021-01-01 17:54:44');
INSERT INTO `read_books` (`user_id`, `book_id`, `book_status_id`, `created_at`, `updated_at`) VALUES (5, 44, 1, '2015-03-31 03:58:38', '2020-07-22 16:01:51');
INSERT INTO `read_books` (`user_id`, `book_id`, `book_status_id`, `created_at`, `updated_at`) VALUES (10, 6, 3, '2014-01-19 00:15:52', '2020-06-16 09:09:16');
INSERT INTO `read_books` (`user_id`, `book_id`, `book_status_id`, `created_at`, `updated_at`) VALUES (22, 52, 4, '2014-07-17 07:13:53', '2020-11-23 22:52:13');
INSERT INTO `read_books` (`user_id`, `book_id`, `book_status_id`, `created_at`, `updated_at`) VALUES (31, 97, 4, '2014-12-06 06:17:00', '2020-11-28 05:00:25');
INSERT INTO `read_books` (`user_id`, `book_id`, `book_status_id`, `created_at`, `updated_at`) VALUES (29, 20, 3, '2013-06-29 01:29:53', '2020-12-11 08:05:13');
INSERT INTO `read_books` (`user_id`, `book_id`, `book_status_id`, `created_at`, `updated_at`) VALUES (81, 42, 2, '2019-08-19 01:36:20', '2020-06-13 08:39:14');
INSERT INTO `read_books` (`user_id`, `book_id`, `book_status_id`, `created_at`, `updated_at`) VALUES (86, 76, 4, '2020-01-19 15:58:18', '2020-04-26 07:39:10');
INSERT INTO `read_books` (`user_id`, `book_id`, `book_status_id`, `created_at`, `updated_at`) VALUES (83, 48, 4, '2014-09-22 11:19:37', '2020-08-12 14:52:38');
INSERT INTO `read_books` (`user_id`, `book_id`, `book_status_id`, `created_at`, `updated_at`) VALUES (83, 78, 1, '2016-07-25 20:29:28', '2021-02-12 10:56:50');
INSERT INTO `read_books` (`user_id`, `book_id`, `book_status_id`, `created_at`, `updated_at`) VALUES (2, 21, 4, '2020-06-03 02:30:23', '2020-06-07 03:13:02');
INSERT INTO `read_books` (`user_id`, `book_id`, `book_status_id`, `created_at`, `updated_at`) VALUES (91, 59, 1, '2014-03-21 10:46:41', '2020-10-26 06:43:37');
INSERT INTO `read_books` (`user_id`, `book_id`, `book_status_id`, `created_at`, `updated_at`) VALUES (92, 28, 2, '2021-02-22 19:16:34', '2020-09-13 15:42:30');
INSERT INTO `read_books` (`user_id`, `book_id`, `book_status_id`, `created_at`, `updated_at`) VALUES (26, 85, 4, '2014-12-11 13:48:01', '2021-01-04 14:55:16');
INSERT INTO `read_books` (`user_id`, `book_id`, `book_status_id`, `created_at`, `updated_at`) VALUES (7, 35, 4, '2018-12-11 20:46:38', '2020-08-23 07:25:59');
INSERT INTO `read_books` (`user_id`, `book_id`, `book_status_id`, `created_at`, `updated_at`) VALUES (98, 32, 3, '2014-08-16 14:51:59', '2020-10-30 07:20:59');
INSERT INTO `read_books` (`user_id`, `book_id`, `book_status_id`, `created_at`, `updated_at`) VALUES (75, 64, 1, '2021-03-12 22:00:20', '2020-07-06 14:14:48');
INSERT INTO `read_books` (`user_id`, `book_id`, `book_status_id`, `created_at`, `updated_at`) VALUES (1, 91, 2, '2016-12-02 15:38:39', '2020-10-18 11:49:22');
INSERT INTO `read_books` (`user_id`, `book_id`, `book_status_id`, `created_at`, `updated_at`) VALUES (1, 68, 2, '2015-02-22 09:21:38', '2020-11-08 16:53:23');
INSERT INTO `read_books` (`user_id`, `book_id`, `book_status_id`, `created_at`, `updated_at`) VALUES (100, 72, 2, '2014-01-11 03:48:54', '2020-12-15 05:59:35');
INSERT INTO `read_books` (`user_id`, `book_id`, `book_status_id`, `created_at`, `updated_at`) VALUES (54, 68, 3, '2019-12-17 20:30:56', '2020-09-05 19:16:46');
INSERT INTO `read_books` (`user_id`, `book_id`, `book_status_id`, `created_at`, `updated_at`) VALUES (22, 33, 4, '2015-02-13 14:27:47', '2020-09-08 03:47:39');
INSERT INTO `read_books` (`user_id`, `book_id`, `book_status_id`, `created_at`, `updated_at`) VALUES (4, 2, 3, '2017-03-14 03:01:34', '2020-05-07 13:52:18');
INSERT INTO `read_books` (`user_id`, `book_id`, `book_status_id`, `created_at`, `updated_at`) VALUES (36, 68, 3, '2017-06-17 13:30:19', '2020-10-26 18:34:50');
INSERT INTO `read_books` (`user_id`, `book_id`, `book_status_id`, `created_at`, `updated_at`) VALUES (63, 77, 3, '2020-04-26 09:10:38', '2020-09-19 09:00:05');
INSERT INTO `read_books` (`user_id`, `book_id`, `book_status_id`, `created_at`, `updated_at`) VALUES (85, 76, 1, '2014-01-05 01:17:36', '2020-07-18 12:41:33');
INSERT INTO `read_books` (`user_id`, `book_id`, `book_status_id`, `created_at`, `updated_at`) VALUES (96, 48, 4, '2012-12-03 23:29:43', '2021-02-11 08:27:39');
INSERT INTO `read_books` (`user_id`, `book_id`, `book_status_id`, `created_at`, `updated_at`) VALUES (46, 20, 4, '2020-03-14 03:45:45', '2020-05-17 04:38:37');
INSERT INTO `read_books` (`user_id`, `book_id`, `book_status_id`, `created_at`, `updated_at`) VALUES (71, 35, 3, '2011-08-29 23:29:47', '2020-10-04 22:46:06');
INSERT INTO `read_books` (`user_id`, `book_id`, `book_status_id`, `created_at`, `updated_at`) VALUES (47, 66, 2, '2020-06-10 13:52:58', '2020-05-31 10:33:50');
INSERT INTO `read_books` (`user_id`, `book_id`, `book_status_id`, `created_at`, `updated_at`) VALUES (35, 73, 2, '2018-10-04 18:59:33', '2020-06-19 21:35:36');
INSERT INTO `read_books` (`user_id`, `book_id`, `book_status_id`, `created_at`, `updated_at`) VALUES (57, 48, 2, '2019-09-29 17:01:03', '2020-11-28 04:56:20');
INSERT INTO `read_books` (`user_id`, `book_id`, `book_status_id`, `created_at`, `updated_at`) VALUES (25, 69, 3, '2015-12-10 02:36:29', '2020-03-20 04:36:23');
INSERT INTO `read_books` (`user_id`, `book_id`, `book_status_id`, `created_at`, `updated_at`) VALUES (67, 55, 2, '2019-09-28 19:55:11', '2021-01-19 23:13:13');
INSERT INTO `read_books` (`user_id`, `book_id`, `book_status_id`, `created_at`, `updated_at`) VALUES (99, 26, 3, '2012-09-16 15:32:26', '2020-09-22 04:57:55');
INSERT INTO `read_books` (`user_id`, `book_id`, `book_status_id`, `created_at`, `updated_at`) VALUES (72, 91, 2, '2020-05-22 10:56:44', '2020-08-06 16:08:41');
INSERT INTO `read_books` (`user_id`, `book_id`, `book_status_id`, `created_at`, `updated_at`) VALUES (60, 20, 3, '2013-03-25 23:52:37', '2020-11-20 14:23:00');
INSERT INTO `read_books` (`user_id`, `book_id`, `book_status_id`, `created_at`, `updated_at`) VALUES (74, 82, 1, '2011-07-05 03:20:49', '2020-06-22 12:30:54');
INSERT INTO `read_books` (`user_id`, `book_id`, `book_status_id`, `created_at`, `updated_at`) VALUES (42, 41, 3, '2020-05-12 17:49:43', '2021-03-03 20:17:56');
INSERT INTO `read_books` (`user_id`, `book_id`, `book_status_id`, `created_at`, `updated_at`) VALUES (65, 51, 4, '2016-06-12 22:55:46', '2020-11-26 04:44:33');
INSERT INTO `read_books` (`user_id`, `book_id`, `book_status_id`, `created_at`, `updated_at`) VALUES (3, 62, 1, '2015-12-16 01:51:22', '2020-06-09 17:59:29');
INSERT INTO `read_books` (`user_id`, `book_id`, `book_status_id`, `created_at`, `updated_at`) VALUES (95, 31, 1, '2019-08-19 18:26:03', '2020-07-30 12:40:20');
INSERT INTO `read_books` (`user_id`, `book_id`, `book_status_id`, `created_at`, `updated_at`) VALUES (16, 64, 2, '2021-01-24 14:22:43', '2020-11-15 02:23:55');
INSERT INTO `read_books` (`user_id`, `book_id`, `book_status_id`, `created_at`, `updated_at`) VALUES (85, 57, 3, '2017-03-08 23:21:28', '2020-09-19 13:17:16');
INSERT INTO `read_books` (`user_id`, `book_id`, `book_status_id`, `created_at`, `updated_at`) VALUES (36, 17, 1, '2019-06-01 19:03:34', '2021-03-09 16:24:18');
INSERT INTO `read_books` (`user_id`, `book_id`, `book_status_id`, `created_at`, `updated_at`) VALUES (90, 88, 2, '2016-07-06 10:01:48', '2020-05-28 14:19:05');
INSERT INTO `read_books` (`user_id`, `book_id`, `book_status_id`, `created_at`, `updated_at`) VALUES (30, 6, 1, '2018-03-31 16:48:16', '2021-03-05 19:42:59');
INSERT INTO `read_books` (`user_id`, `book_id`, `book_status_id`, `created_at`, `updated_at`) VALUES (98, 16, 4, '2014-02-16 12:23:09', '2020-05-15 17:33:29');
INSERT INTO `read_books` (`user_id`, `book_id`, `book_status_id`, `created_at`, `updated_at`) VALUES (32, 61, 4, '2020-01-27 01:09:33', '2020-03-25 23:14:42');
INSERT INTO `read_books` (`user_id`, `book_id`, `book_status_id`, `created_at`, `updated_at`) VALUES (50, 88, 2, '2020-01-11 08:40:06', '2020-08-27 16:56:23');
INSERT INTO `read_books` (`user_id`, `book_id`, `book_status_id`, `created_at`, `updated_at`) VALUES (27, 60, 3, '2015-04-07 11:54:08', '2020-07-07 11:04:12');
INSERT INTO `read_books` (`user_id`, `book_id`, `book_status_id`, `created_at`, `updated_at`) VALUES (38, 16, 2, '2016-12-23 23:01:19', '2020-08-07 07:27:16');
INSERT INTO `read_books` (`user_id`, `book_id`, `book_status_id`, `created_at`, `updated_at`) VALUES (69, 69, 1, '2014-11-12 01:35:00', '2020-08-27 20:12:05');
INSERT INTO `read_books` (`user_id`, `book_id`, `book_status_id`, `created_at`, `updated_at`) VALUES (7, 95, 1, '2017-10-24 22:28:59', '2021-03-11 09:09:25');
INSERT INTO `read_books` (`user_id`, `book_id`, `book_status_id`, `created_at`, `updated_at`) VALUES (55, 74, 2, '2021-02-18 17:16:21', '2020-12-23 07:24:59');
INSERT INTO `read_books` (`user_id`, `book_id`, `book_status_id`, `created_at`, `updated_at`) VALUES (7, 64, 3, '2020-12-06 17:43:32', '2020-11-19 09:08:58');
INSERT INTO `read_books` (`user_id`, `book_id`, `book_status_id`, `created_at`, `updated_at`) VALUES (8, 87, 4, '2019-11-22 14:10:35', '2020-05-07 18:30:34');
INSERT INTO `read_books` (`user_id`, `book_id`, `book_status_id`, `created_at`, `updated_at`) VALUES (53, 11, 2, '2017-10-23 01:00:23', '2020-11-23 00:04:46');
INSERT INTO `read_books` (`user_id`, `book_id`, `book_status_id`, `created_at`, `updated_at`) VALUES (40, 52, 2, '2015-06-16 07:28:00', '2020-07-10 23:06:34');
INSERT INTO `read_books` (`user_id`, `book_id`, `book_status_id`, `created_at`, `updated_at`) VALUES (14, 5, 1, '2015-12-26 21:42:56', '2020-12-16 17:01:39');
INSERT INTO `read_books` (`user_id`, `book_id`, `book_status_id`, `created_at`, `updated_at`) VALUES (40, 15, 2, '2012-07-01 22:28:43', '2020-11-25 15:16:44');
INSERT INTO `read_books` (`user_id`, `book_id`, `book_status_id`, `created_at`, `updated_at`) VALUES (7, 58, 2, '2012-12-13 13:59:28', '2020-05-24 07:26:21');
INSERT INTO `read_books` (`user_id`, `book_id`, `book_status_id`, `created_at`, `updated_at`) VALUES (40, 67, 4, '2017-08-23 02:57:32', '2020-07-02 12:41:13');
INSERT INTO `read_books` (`user_id`, `book_id`, `book_status_id`, `created_at`, `updated_at`) VALUES (43, 35, 1, '2011-12-01 08:37:47', '2020-07-03 03:30:24');
INSERT INTO `read_books` (`user_id`, `book_id`, `book_status_id`, `created_at`, `updated_at`) VALUES (46, 65, 2, '2014-10-11 18:02:20', '2020-05-11 20:38:44');
INSERT INTO `read_books` (`user_id`, `book_id`, `book_status_id`, `created_at`, `updated_at`) VALUES (13, 87, 3, '2011-08-09 20:22:20', '2021-01-24 20:47:03');
INSERT INTO `read_books` (`user_id`, `book_id`, `book_status_id`, `created_at`, `updated_at`) VALUES (63, 75, 1, '2013-02-05 11:23:54', '2020-10-05 03:58:03');
INSERT INTO `read_books` (`user_id`, `book_id`, `book_status_id`, `created_at`, `updated_at`) VALUES (47, 28, 4, '2018-12-14 22:57:29', '2020-07-26 09:15:18');
INSERT INTO `read_books` (`user_id`, `book_id`, `book_status_id`, `created_at`, `updated_at`) VALUES (21, 32, 2, '2020-02-29 12:01:26', '2020-10-10 19:05:29');
INSERT INTO `read_books` (`user_id`, `book_id`, `book_status_id`, `created_at`, `updated_at`) VALUES (47, 40, 1, '2017-10-18 21:41:01', '2020-08-29 15:23:24');


INSERT INTO `reviews` (`id`, `user_id`, `body`, `created_at`, `updated_at`) VALUES (1, 15, 'I\'ve got to the beginning of the tale was something like it,\' said Alice to herself, \'whenever I eat one of its mouth, and addressed her in such confusion that she knew she had nibbled some more of.', '2018-08-16 20:55:08', '2021-02-07 18:42:42');
INSERT INTO `reviews` (`id`, `user_id`, `body`, `created_at`, `updated_at`) VALUES (2, 6, 'I can remember feeling a little while, however, she went on muttering over the verses the White Rabbit. She was close behind her, listening: so she set to work very diligently to write out a history.', '2015-11-02 10:19:39', '2020-11-29 18:57:09');
INSERT INTO `reviews` (`id`, `user_id`, `body`, `created_at`, `updated_at`) VALUES (3, 5, 'And certainly there was a large arm-chair at one and then said, \'It WAS a narrow escape!\' said Alice, as the door that led into a doze; but, on being pinched by the time when I got up this morning,.', '2019-08-12 10:09:34', '2020-04-16 22:13:20');
INSERT INTO `reviews` (`id`, `user_id`, `body`, `created_at`, `updated_at`) VALUES (4, 19, 'Mock Turtle sighed deeply, and began, in a whisper.) \'That would be quite absurd for her neck from being broken. She hastily put down her flamingo, and began staring at the bottom of a good deal:.', '2017-08-05 10:51:14', '2020-07-31 21:15:55');
INSERT INTO `reviews` (`id`, `user_id`, `body`, `created_at`, `updated_at`) VALUES (5, 15, 'Alice. \'That\'s very curious.\' \'It\'s all his fancy, that: he hasn\'t got no business there, at any rate it would all wash off in the sky. Twinkle, twinkle--\"\' Here the Dormouse into the air off all.', '2014-11-28 19:58:54', '2020-09-05 11:45:01');
INSERT INTO `reviews` (`id`, `user_id`, `body`, `created_at`, `updated_at`) VALUES (6, 12, 'YOU are, first.\' \'Why?\' said the King, \'unless it was growing, and very angrily. \'A knot!\' said Alice, rather alarmed at the jury-box, and saw that, in her hand, and made another snatch in the sun..', '2017-10-22 18:50:37', '2020-06-24 13:46:38');
INSERT INTO `reviews` (`id`, `user_id`, `body`, `created_at`, `updated_at`) VALUES (7, 12, 'EVER happen in a more subdued tone, and added \'It isn\'t mine,\' said the Cat. \'I said pig,\' replied Alice; \'and I wish I had our Dinah here, I know who I am! But I\'d better take him his fan and.', '2019-12-30 02:16:12', '2021-01-03 08:18:49');
INSERT INTO `reviews` (`id`, `user_id`, `body`, `created_at`, `updated_at`) VALUES (8, 2, 'Why, I do hope it\'ll make me giddy.\' And then, turning to the Hatter. \'Stolen!\' the King repeated angrily, \'or I\'ll have you executed.\' The miserable Hatter dropped his teacup instead of onions.\'.', '2013-10-17 12:35:18', '2021-02-01 15:28:37');
INSERT INTO `reviews` (`id`, `user_id`, `body`, `created_at`, `updated_at`) VALUES (9, 8, 'The pepper when he sneezes: He only does it to his ear. Alice considered a little before she had to pinch it to speak with. Alice waited a little, and then the other, saying, in a great thistle, to.', '2015-04-05 05:02:04', '2020-10-16 10:45:30');
INSERT INTO `reviews` (`id`, `user_id`, `body`, `created_at`, `updated_at`) VALUES (10, 6, 'First, because I\'m on the bank, and of having nothing to do.\" Said the mouse doesn\'t get out.\" Only I don\'t think,\' Alice went on to her that she was beginning to grow larger again, and all her.', '2015-10-06 06:40:51', '2021-01-05 18:46:58');
INSERT INTO `reviews` (`id`, `user_id`, `body`, `created_at`, `updated_at`) VALUES (11, 13, 'I had it written up somewhere.\' Down, down, down. There was a general chorus of \'There goes Bill!\' then the Mock Turtle. \'No, no! The adventures first,\' said the Footman, \'and that for two reasons..', '2018-04-29 12:01:39', '2020-07-20 15:04:39');
INSERT INTO `reviews` (`id`, `user_id`, `body`, `created_at`, `updated_at`) VALUES (12, 18, 'Alice, \'to speak to this mouse? Everything is so out-of-the-way down here, that I should think!\' (Dinah was the BEST butter, you know.\' \'And what an ignorant little girl or a worm. The question is,.', '2015-03-15 21:00:01', '2020-10-24 00:11:21');
INSERT INTO `reviews` (`id`, `user_id`, `body`, `created_at`, `updated_at`) VALUES (13, 10, 'Gryphon, and all dripping wet, cross, and uncomfortable. The first thing she heard it muttering to himself as he wore his crown over the fire, and at once and put it right; \'not that it was out of.', '2012-02-14 16:57:01', '2020-11-05 21:00:14');
INSERT INTO `reviews` (`id`, `user_id`, `body`, `created_at`, `updated_at`) VALUES (14, 13, 'And the moral of THAT is--\"Take care of themselves.\"\' \'How fond she is such a thing as \"I get what I say--that\'s the same thing, you know.\' He was an uncomfortably sharp chin. However, she did not.', '2012-11-29 08:32:22', '2020-09-15 18:07:01');
INSERT INTO `reviews` (`id`, `user_id`, `body`, `created_at`, `updated_at`) VALUES (15, 1, 'And will talk in contemptuous tones of the cattle in the same as the March Hare,) \'--it was at the sides of it, and found herself lying on the whole party at once to eat some of the doors of the.', '2015-03-06 16:24:32', '2021-02-12 12:30:42');
INSERT INTO `reviews` (`id`, `user_id`, `body`, `created_at`, `updated_at`) VALUES (16, 20, 'THAT like?\' said Alice. \'Of course they were\', said the King, looking round the refreshments!\' But there seemed to be talking in a Little Bill It was so long that they would go, and broke off a.', '2012-04-24 06:27:18', '2020-03-22 21:27:59');
INSERT INTO `reviews` (`id`, `user_id`, `body`, `created_at`, `updated_at`) VALUES (17, 2, 'Presently the Rabbit asked. \'No, I give it up,\' Alice replied: \'what\'s the answer?\' \'I haven\'t the least idea what to uglify is, you ARE a simpleton.\' Alice did not dare to disobey, though she.', '2018-12-03 05:08:52', '2020-06-12 00:59:51');
INSERT INTO `reviews` (`id`, `user_id`, `body`, `created_at`, `updated_at`) VALUES (18, 8, 'Dodo, pointing to the table to measure herself by it, and on both sides of it; and while she remembered the number of bathing machines in the air. \'--as far out to be sure, she had grown up,\' she.', '2015-01-01 08:52:04', '2020-12-02 09:33:08');
INSERT INTO `reviews` (`id`, `user_id`, `body`, `created_at`, `updated_at`) VALUES (19, 8, 'I can\'t put it into one of these cakes,\' she thought, \'till its ears have come, or at any rate,\' said Alice: \'I don\'t much care where--\' said Alice. \'I mean what I get\" is the use of this rope--Will.', '2014-09-25 07:10:42', '2020-10-25 22:15:20');
INSERT INTO `reviews` (`id`, `user_id`, `body`, `created_at`, `updated_at`) VALUES (20, 11, 'GAVE HER ONE, THEY GAVE HIM TWO--\" why, that must be the right way of expecting nothing but out-of-the-way things had happened lately, that Alice had never done such a very short time the Queen.', '2019-04-02 16:27:06', '2020-09-20 15:34:54');


INSERT INTO `series` (`id`, `book_id`) VALUES (1, 67);
INSERT INTO `series` (`id`, `book_id`) VALUES (1, 68);
INSERT INTO `series` (`id`, `book_id`) VALUES (1, 93);
INSERT INTO `series` (`id`, `book_id`) VALUES (2, 5);
INSERT INTO `series` (`id`, `book_id`) VALUES (2, 92);
INSERT INTO `series` (`id`, `book_id`) VALUES (3, 76);
INSERT INTO `series` (`id`, `book_id`) VALUES (4, 25);
INSERT INTO `series` (`id`, `book_id`) VALUES (4, 14);
INSERT INTO `series` (`id`, `book_id`) VALUES (5, 1);
INSERT INTO `series` (`id`, `book_id`) VALUES (5, 41);
INSERT INTO `series` (`id`, `book_id`) VALUES (5, 62);
INSERT INTO `series` (`id`, `book_id`) VALUES (5, 47);
INSERT INTO `series` (`id`, `book_id`) VALUES (5, 65);
INSERT INTO `series` (`id`, `book_id`) VALUES (6, 19);
INSERT INTO `series` (`id`, `book_id`) VALUES (6, 20);
INSERT INTO `series` (`id`, `book_id`) VALUES (6, 99);
INSERT INTO `series` (`id`, `book_id`) VALUES (7, 97);
INSERT INTO `series` (`id`, `book_id`) VALUES (7, 11);
INSERT INTO `series` (`id`, `book_id`) VALUES (7, 40);
INSERT INTO `series` (`id`, `book_id`) VALUES (8, 88);
INSERT INTO `series` (`id`, `book_id`) VALUES (9, 89);
INSERT INTO `series` (`id`, `book_id`) VALUES (10, 32);
INSERT INTO `series` (`id`, `book_id`) VALUES (11, 38);
INSERT INTO `series` (`id`, `book_id`) VALUES (11, 64);
INSERT INTO `series` (`id`, `book_id`) VALUES (12, 98);
INSERT INTO `series` (`id`, `book_id`) VALUES (12, 52);
INSERT INTO `series` (`id`, `book_id`) VALUES (12, 36);
INSERT INTO `series` (`id`, `book_id`) VALUES (12, 70);
INSERT INTO `series` (`id`, `book_id`) VALUES (13, 53);
INSERT INTO `series` (`id`, `book_id`) VALUES (13, 45);


INSERT INTO `users` (`id`, `username`, `first_name`, `last_name`, `email`, `phone`, `created_at`, `updated_at`) VALUES (1, 'considine.jeremy', 'Loy', 'Smitham', 'haag.libbie@example.com', '006-438-5584', '2021-01-08 07:54:17', '2020-06-03 10:52:26');
INSERT INTO `users` (`id`, `username`, `first_name`, `last_name`, `email`, `phone`, `created_at`, `updated_at`) VALUES (2, 'dianna30', 'Alberto', 'Stehr', 'egleichner@example.net', '566.324.7303x5361', '2020-05-02 07:08:39', '2020-06-27 15:25:05');
INSERT INTO `users` (`id`, `username`, `first_name`, `last_name`, `email`, `phone`, `created_at`, `updated_at`) VALUES (3, 'enola58', 'Sabrina', 'Lang', 'jkessler@example.net', '(630)124-4128', '2020-03-26 02:17:54', '2020-08-17 02:45:48');
INSERT INTO `users` (`id`, `username`, `first_name`, `last_name`, `email`, `phone`, `created_at`, `updated_at`) VALUES (4, 'phahn', 'Mireya', 'Ritchie', 'jerrold.brekke@example.com', '1-851-374-6424x23491', '2020-04-03 23:24:27', '2020-12-28 00:13:43');
INSERT INTO `users` (`id`, `username`, `first_name`, `last_name`, `email`, `phone`, `created_at`, `updated_at`) VALUES (5, 'ryan.litzy', 'Nelda', 'Brekke', 'kiana38@example.com', '442.062.7983', '2020-12-16 00:04:47', '2020-11-07 11:09:24');
INSERT INTO `users` (`id`, `username`, `first_name`, `last_name`, `email`, `phone`, `created_at`, `updated_at`) VALUES (6, 'albert49', 'Geraldine', 'Hodkiewicz', 'qzulauf@example.org', '(778)628-4649x2403', '2020-10-18 15:29:24', '2021-02-06 12:18:22');
INSERT INTO `users` (`id`, `username`, `first_name`, `last_name`, `email`, `phone`, `created_at`, `updated_at`) VALUES (7, 'devin.hodkiewicz', 'Taylor', 'Purdy', 'usauer@example.net', '(773)942-9458', '2020-11-10 10:32:44', '2020-08-02 12:47:56');
INSERT INTO `users` (`id`, `username`, `first_name`, `last_name`, `email`, `phone`, `created_at`, `updated_at`) VALUES (8, 'jessy35', 'Ewell', 'Volkman', 'nicola33@example.net', '1-348-704-2243', '2020-12-15 23:55:08', '2020-12-30 00:06:24');
INSERT INTO `users` (`id`, `username`, `first_name`, `last_name`, `email`, `phone`, `created_at`, `updated_at`) VALUES (9, 'jammie92', 'Adela', 'Kulas', 'manley20@example.com', '482.320.3124x5919', '2020-06-21 17:10:22', '2020-12-11 23:08:52');
INSERT INTO `users` (`id`, `username`, `first_name`, `last_name`, `email`, `phone`, `created_at`, `updated_at`) VALUES (10, 'finn.grady', 'Amya', 'Brown', 'ena26@example.net', '(033)151-8346', '2021-01-23 05:14:11', '2020-09-07 21:42:02');
INSERT INTO `users` (`id`, `username`, `first_name`, `last_name`, `email`, `phone`, `created_at`, `updated_at`) VALUES (11, 'farrell.derick', 'Earnest', 'Stehr', 'pasquale47@example.org', '07389871745', '2020-10-17 15:42:23', '2020-04-06 21:39:17');
INSERT INTO `users` (`id`, `username`, `first_name`, `last_name`, `email`, `phone`, `created_at`, `updated_at`) VALUES (12, 'reynolds.ted', 'Davion', 'Smitham', 'ngreenholt@example.net', '(072)257-8256', '2020-06-19 06:41:20', '2020-04-19 19:35:58');
INSERT INTO `users` (`id`, `username`, `first_name`, `last_name`, `email`, `phone`, `created_at`, `updated_at`) VALUES (13, 'bettie13', 'Myrtle', 'Kerluke', 'hand.katheryn@example.net', '1-067-737-1676', '2021-03-03 11:46:45', '2021-01-28 10:59:53');
INSERT INTO `users` (`id`, `username`, `first_name`, `last_name`, `email`, `phone`, `created_at`, `updated_at`) VALUES (14, 'garland.leffler', 'Dixie', 'Mills', 'jairo09@example.net', '020-549-3682x38005', '2020-07-10 01:04:04', '2020-07-30 21:15:03');
INSERT INTO `users` (`id`, `username`, `first_name`, `last_name`, `email`, `phone`, `created_at`, `updated_at`) VALUES (15, 'cora44', 'Fannie', 'Schultz', 'nstanton@example.com', '00611506856', '2020-07-16 21:44:42', '2020-05-10 23:53:16');
INSERT INTO `users` (`id`, `username`, `first_name`, `last_name`, `email`, `phone`, `created_at`, `updated_at`) VALUES (16, 'josiane.crooks', 'Marques', 'Treutel', 'everardo.witting@example.net', '685-095-1951', '2020-06-20 10:46:28', '2020-07-21 06:45:43');
INSERT INTO `users` (`id`, `username`, `first_name`, `last_name`, `email`, `phone`, `created_at`, `updated_at`) VALUES (17, 'kessler.jadyn', 'Emilia', 'Wolf', 'shanahan.zachary@example.com', '1-836-003-8391', '2020-09-07 12:14:45', '2021-03-16 21:23:58');
INSERT INTO `users` (`id`, `username`, `first_name`, `last_name`, `email`, `phone`, `created_at`, `updated_at`) VALUES (18, 'earlene82', 'Gerard', 'Weissnat', 'jeffry31@example.org', '601-432-7472', '2020-06-22 04:42:05', '2020-04-05 00:55:38');
INSERT INTO `users` (`id`, `username`, `first_name`, `last_name`, `email`, `phone`, `created_at`, `updated_at`) VALUES (19, 'verner.wolf', 'Edmund', 'Hirthe', 'agustin71@example.com', '913.356.2477', '2020-05-22 08:11:59', '2021-03-03 20:20:33');
INSERT INTO `users` (`id`, `username`, `first_name`, `last_name`, `email`, `phone`, `created_at`, `updated_at`) VALUES (20, 'hyatt.tiara', 'Elyse', 'Conn', 'pfannerstill.ewald@example.net', '589-630-4865x526', '2020-10-22 15:47:21', '2020-10-13 21:58:00');
INSERT INTO `users` (`id`, `username`, `first_name`, `last_name`, `email`, `phone`, `created_at`, `updated_at`) VALUES (21, 'frederique46', 'Zora', 'Luettgen', 'wilber19@example.net', '429-463-9907x8937', '2020-10-28 05:19:42', '2021-01-23 02:25:32');
INSERT INTO `users` (`id`, `username`, `first_name`, `last_name`, `email`, `phone`, `created_at`, `updated_at`) VALUES (22, 'ova91', 'Name', 'Witting', 'romaguera.effie@example.net', '+69(4)8361787625', '2020-04-30 22:27:49', '2020-09-19 19:07:12');
INSERT INTO `users` (`id`, `username`, `first_name`, `last_name`, `email`, `phone`, `created_at`, `updated_at`) VALUES (23, 'murray.bartell', 'Cordia', 'Haag', 'wgreenfelder@example.net', '255.282.8979', '2020-07-16 21:42:47', '2020-12-26 22:25:28');
INSERT INTO `users` (`id`, `username`, `first_name`, `last_name`, `email`, `phone`, `created_at`, `updated_at`) VALUES (24, 'xkuvalis', 'Alejandra', 'Hoppe', 'crooks.buford@example.com', '002-890-0963', '2020-10-06 12:21:27', '2020-10-02 23:26:54');
INSERT INTO `users` (`id`, `username`, `first_name`, `last_name`, `email`, `phone`, `created_at`, `updated_at`) VALUES (25, 'jschimmel', 'Geo', 'Sawayn', 'wromaguera@example.com', '132.865.3558', '2021-03-17 12:55:40', '2020-06-10 05:05:29');
INSERT INTO `users` (`id`, `username`, `first_name`, `last_name`, `email`, `phone`, `created_at`, `updated_at`) VALUES (26, 'nienow.tara', 'Henri', 'Franecki', 'mike.block@example.org', '468-020-9826x445', '2020-07-01 14:00:42', '2020-12-28 08:06:47');
INSERT INTO `users` (`id`, `username`, `first_name`, `last_name`, `email`, `phone`, `created_at`, `updated_at`) VALUES (27, 'roberts.delaney', 'Kattie', 'McGlynn', 'jones.mckenna@example.net', '(275)923-2623x69776', '2020-03-28 15:27:34', '2020-10-29 00:37:28');
INSERT INTO `users` (`id`, `username`, `first_name`, `last_name`, `email`, `phone`, `created_at`, `updated_at`) VALUES (28, 'bullrich', 'Brianne', 'Stamm', 'zboyle@example.org', '(613)768-3987', '2020-05-11 10:30:47', '2021-03-09 20:14:57');
INSERT INTO `users` (`id`, `username`, `first_name`, `last_name`, `email`, `phone`, `created_at`, `updated_at`) VALUES (29, 'valentina42', 'Eldridge', 'Kuhn', 'feil.anahi@example.org', '(419)036-7038x47816', '2020-06-01 17:10:02', '2020-11-04 09:43:26');
INSERT INTO `users` (`id`, `username`, `first_name`, `last_name`, `email`, `phone`, `created_at`, `updated_at`) VALUES (30, 'o\'keefe.mariam', 'Guy', 'Stokes', 'uankunding@example.com', '182-877-6771', '2020-08-19 02:10:08', '2020-11-17 01:39:59');
INSERT INTO `users` (`id`, `username`, `first_name`, `last_name`, `email`, `phone`, `created_at`, `updated_at`) VALUES (31, 'wnikolaus', 'Allison', 'Ward', 'merlin.johnson@example.com', '(713)969-8233', '2021-03-11 19:25:05', '2020-04-03 23:44:44');
INSERT INTO `users` (`id`, `username`, `first_name`, `last_name`, `email`, `phone`, `created_at`, `updated_at`) VALUES (32, 'colleen.waelchi', 'Burnice', 'Lemke', 'jchamplin@example.org', '575.692.4550', '2020-05-23 01:46:41', '2020-03-22 17:32:04');
INSERT INTO `users` (`id`, `username`, `first_name`, `last_name`, `email`, `phone`, `created_at`, `updated_at`) VALUES (33, 'reed.reilly', 'Cleta', 'Weimann', 'laila.christiansen@example.org', '1-589-993-8419', '2021-02-06 15:22:07', '2020-07-31 11:25:13');
INSERT INTO `users` (`id`, `username`, `first_name`, `last_name`, `email`, `phone`, `created_at`, `updated_at`) VALUES (34, 'kennith.batz', 'Karlee', 'Collins', 'daugherty.jaden@example.com', '779-120-2430x02132', '2020-09-20 01:17:56', '2021-01-27 13:20:31');
INSERT INTO `users` (`id`, `username`, `first_name`, `last_name`, `email`, `phone`, `created_at`, `updated_at`) VALUES (35, 'wanda.jacobson', 'Skylar', 'Nikolaus', 'jledner@example.net', '(167)249-4730', '2020-10-15 01:03:40', '2020-04-03 13:00:24');
INSERT INTO `users` (`id`, `username`, `first_name`, `last_name`, `email`, `phone`, `created_at`, `updated_at`) VALUES (36, 'connelly.bertram', 'Paula', 'Reynolds', 'maci60@example.org', '1-579-362-0998', '2020-10-19 04:57:14', '2020-08-23 10:55:04');
INSERT INTO `users` (`id`, `username`, `first_name`, `last_name`, `email`, `phone`, `created_at`, `updated_at`) VALUES (37, 'sonya.leuschke', 'Lori', 'Mraz', 'vjenkins@example.com', '06006157865', '2021-02-11 17:21:24', '2020-08-13 22:51:11');
INSERT INTO `users` (`id`, `username`, `first_name`, `last_name`, `email`, `phone`, `created_at`, `updated_at`) VALUES (38, 'genoveva.mayer', 'Jaden', 'Rogahn', 'nolan12@example.net', '+72(4)5512395712', '2020-07-04 18:44:45', '2020-08-25 11:40:34');
INSERT INTO `users` (`id`, `username`, `first_name`, `last_name`, `email`, `phone`, `created_at`, `updated_at`) VALUES (39, 'sherwood54', 'Fred', 'Dickinson', 'bogan.marlene@example.com', '018.779.4042', '2020-08-29 12:27:06', '2020-12-07 13:35:18');
INSERT INTO `users` (`id`, `username`, `first_name`, `last_name`, `email`, `phone`, `created_at`, `updated_at`) VALUES (40, 'pbreitenberg', 'Raleigh', 'Zieme', 'hoeger.sadie@example.org', '754.831.2609', '2021-02-27 05:56:54', '2020-09-05 11:11:16');
INSERT INTO `users` (`id`, `username`, `first_name`, `last_name`, `email`, `phone`, `created_at`, `updated_at`) VALUES (41, 'mertz.dorothea', 'Cordie', 'Wuckert', 'name30@example.com', '(999)656-2989x8000', '2020-07-30 15:36:19', '2020-03-21 22:05:04');
INSERT INTO `users` (`id`, `username`, `first_name`, `last_name`, `email`, `phone`, `created_at`, `updated_at`) VALUES (42, 'garmstrong', 'Marisol', 'Eichmann', 'erik34@example.com', '436.963.9159', '2020-12-23 22:13:01', '2020-08-29 14:35:52');
INSERT INTO `users` (`id`, `username`, `first_name`, `last_name`, `email`, `phone`, `created_at`, `updated_at`) VALUES (43, 'murazik.bernard', 'Bobbie', 'Lesch', 'elsa71@example.com', '238-632-6142x487', '2020-08-27 04:13:50', '2020-08-19 12:45:26');
INSERT INTO `users` (`id`, `username`, `first_name`, `last_name`, `email`, `phone`, `created_at`, `updated_at`) VALUES (44, 'stoltenberg.keon', 'Ayden', 'Parker', 'vbotsford@example.net', '260.359.8591x92383', '2020-10-19 18:13:50', '2021-01-06 17:26:49');
INSERT INTO `users` (`id`, `username`, `first_name`, `last_name`, `email`, `phone`, `created_at`, `updated_at`) VALUES (45, 'xbrekke', 'Max', 'Rice', 'nat.rice@example.com', '1-704-386-1663', '2020-12-20 10:44:04', '2020-07-18 21:26:28');
INSERT INTO `users` (`id`, `username`, `first_name`, `last_name`, `email`, `phone`, `created_at`, `updated_at`) VALUES (46, 'mherzog', 'Landen', 'Carter', 'jocelyn39@example.com', '461.135.1749x03308', '2021-01-15 14:05:52', '2020-07-19 06:57:42');
INSERT INTO `users` (`id`, `username`, `first_name`, `last_name`, `email`, `phone`, `created_at`, `updated_at`) VALUES (47, 'bebert', 'Patsy', 'Haley', 'loyce92@example.org', '+34(1)2508287885', '2020-04-21 03:05:33', '2021-01-24 21:54:51');
INSERT INTO `users` (`id`, `username`, `first_name`, `last_name`, `email`, `phone`, `created_at`, `updated_at`) VALUES (48, 'elittle', 'Filomena', 'Kautzer', 'brooke.macejkovic@example.com', '652-038-6483x020', '2020-08-01 04:47:58', '2020-05-03 11:37:18');
INSERT INTO `users` (`id`, `username`, `first_name`, `last_name`, `email`, `phone`, `created_at`, `updated_at`) VALUES (49, 'yeffertz', 'Kiana', 'Hamill', 'marina.moen@example.com', '02159821234', '2020-05-06 04:08:18', '2021-03-10 11:57:51');
INSERT INTO `users` (`id`, `username`, `first_name`, `last_name`, `email`, `phone`, `created_at`, `updated_at`) VALUES (50, 'nkling', 'Pamela', 'Jenkins', 'ifunk@example.com', '222.797.6871x0599', '2020-05-08 11:29:29', '2021-01-31 07:56:47');
INSERT INTO `users` (`id`, `username`, `first_name`, `last_name`, `email`, `phone`, `created_at`, `updated_at`) VALUES (51, 'witting.mathias', 'Alia', 'Bradtke', 'damien21@example.com', '(548)378-8542x35080', '2021-01-11 17:47:30', '2020-12-08 00:36:40');
INSERT INTO `users` (`id`, `username`, `first_name`, `last_name`, `email`, `phone`, `created_at`, `updated_at`) VALUES (52, 'jparker', 'Monique', 'Cremin', 'muriel34@example.org', '1-381-246-6673', '2021-02-07 21:11:57', '2020-04-20 22:25:50');
INSERT INTO `users` (`id`, `username`, `first_name`, `last_name`, `email`, `phone`, `created_at`, `updated_at`) VALUES (53, 'gusikowski.rubye', 'Elmira', 'Rohan', 'botsford.miles@example.org', '306-693-5014x91554', '2021-02-28 19:06:54', '2020-10-22 05:14:18');
INSERT INTO `users` (`id`, `username`, `first_name`, `last_name`, `email`, `phone`, `created_at`, `updated_at`) VALUES (54, 'helen.kub', 'Elinor', 'Murazik', 'marvin.gustave@example.net', '288.451.3641x45058', '2020-11-20 05:57:01', '2020-09-24 11:43:31');
INSERT INTO `users` (`id`, `username`, `first_name`, `last_name`, `email`, `phone`, `created_at`, `updated_at`) VALUES (55, 'heath38', 'Scarlett', 'Wintheiser', 'haylie47@example.net', '(852)735-8753', '2020-11-28 10:33:56', '2020-04-21 15:46:35');
INSERT INTO `users` (`id`, `username`, `first_name`, `last_name`, `email`, `phone`, `created_at`, `updated_at`) VALUES (56, 'pacocha.maggie', 'Mona', 'Reilly', 'doyle.lillian@example.net', '176-942-4782', '2021-02-25 18:17:37', '2020-07-31 02:45:31');
INSERT INTO `users` (`id`, `username`, `first_name`, `last_name`, `email`, `phone`, `created_at`, `updated_at`) VALUES (57, 'vkuphal', 'Allison', 'Zieme', 'nelle06@example.org', '171.903.5347', '2020-11-23 16:11:41', '2020-04-02 12:27:17');
INSERT INTO `users` (`id`, `username`, `first_name`, `last_name`, `email`, `phone`, `created_at`, `updated_at`) VALUES (58, 'xkutch', 'Elna', 'Monahan', 'zspinka@example.net', '00538504584', '2020-06-26 23:01:01', '2020-12-16 21:08:49');
INSERT INTO `users` (`id`, `username`, `first_name`, `last_name`, `email`, `phone`, `created_at`, `updated_at`) VALUES (59, 'ardith49', 'Declan', 'Beatty', 'abigail.lynch@example.net', '599-021-7828x51761', '2020-04-26 11:15:32', '2020-12-18 21:23:06');
INSERT INTO `users` (`id`, `username`, `first_name`, `last_name`, `email`, `phone`, `created_at`, `updated_at`) VALUES (60, 'ejacobson', 'Kennith', 'Donnelly', 'hamill.leslie@example.com', '709.360.8140x776', '2020-11-12 11:11:29', '2020-06-07 11:55:51');
INSERT INTO `users` (`id`, `username`, `first_name`, `last_name`, `email`, `phone`, `created_at`, `updated_at`) VALUES (61, 'eichmann.morris', 'Susan', 'Schneider', 'nshields@example.org', '337.532.6725x778', '2020-06-24 22:18:52', '2021-01-14 18:28:27');
INSERT INTO `users` (`id`, `username`, `first_name`, `last_name`, `email`, `phone`, `created_at`, `updated_at`) VALUES (62, 'qschmidt', 'Rosa', 'Willms', 'conroy.sonya@example.net', '+04(4)2407239481', '2020-09-24 05:27:30', '2020-12-22 02:02:00');
INSERT INTO `users` (`id`, `username`, `first_name`, `last_name`, `email`, `phone`, `created_at`, `updated_at`) VALUES (63, 'cbuckridge', 'Jeremy', 'Koss', 'yolanda40@example.com', '104.819.5141x472', '2020-05-07 17:00:28', '2020-06-07 11:43:15');
INSERT INTO `users` (`id`, `username`, `first_name`, `last_name`, `email`, `phone`, `created_at`, `updated_at`) VALUES (64, 'kuhlman.lillie', 'Eino', 'Gibson', 'twiza@example.com', '261.917.6349', '2021-01-04 06:31:39', '2020-12-07 18:11:54');
INSERT INTO `users` (`id`, `username`, `first_name`, `last_name`, `email`, `phone`, `created_at`, `updated_at`) VALUES (65, 'ahmed42', 'Lance', 'Hodkiewicz', 'mercedes24@example.org', '708.844.7897', '2020-06-21 12:07:33', '2020-10-15 16:57:03');
INSERT INTO `users` (`id`, `username`, `first_name`, `last_name`, `email`, `phone`, `created_at`, `updated_at`) VALUES (66, 'sunny.nader', 'Alvena', 'Bogisich', 'cristina.mayer@example.com', '440.808.4078', '2020-10-03 01:55:08', '2020-06-29 14:37:07');
INSERT INTO `users` (`id`, `username`, `first_name`, `last_name`, `email`, `phone`, `created_at`, `updated_at`) VALUES (67, 'johnson.jermain', 'Henriette', 'Walker', 'candice24@example.com', '+11(5)1668216956', '2020-07-01 12:38:20', '2020-07-08 08:58:02');
INSERT INTO `users` (`id`, `username`, `first_name`, `last_name`, `email`, `phone`, `created_at`, `updated_at`) VALUES (68, 'maryse07', 'Scotty', 'Osinski', 'srussel@example.com', '346-915-0645x1197', '2020-11-21 22:45:31', '2020-05-30 00:16:42');
INSERT INTO `users` (`id`, `username`, `first_name`, `last_name`, `email`, `phone`, `created_at`, `updated_at`) VALUES (69, 'klarson', 'Jazmin', 'Mueller', 'lowe.florence@example.com', '315.500.9105x24078', '2020-05-24 21:07:09', '2020-05-10 11:18:59');
INSERT INTO `users` (`id`, `username`, `first_name`, `last_name`, `email`, `phone`, `created_at`, `updated_at`) VALUES (70, 'luther09', 'Devin', 'Friesen', 'tess.reichert@example.net', '591.946.8644x387', '2021-02-03 20:48:02', '2020-06-18 18:08:02');
INSERT INTO `users` (`id`, `username`, `first_name`, `last_name`, `email`, `phone`, `created_at`, `updated_at`) VALUES (71, 'yolanda64', 'Alta', 'Gutkowski', 'shemar.yundt@example.net', '568-894-2733', '2020-10-20 11:21:37', '2021-02-18 21:42:26');
INSERT INTO `users` (`id`, `username`, `first_name`, `last_name`, `email`, `phone`, `created_at`, `updated_at`) VALUES (72, 'hackett.leslie', 'Joy', 'Waters', 'imetz@example.org', '1-405-190-3251x0114', '2020-09-08 23:09:01', '2020-08-18 21:45:36');
INSERT INTO `users` (`id`, `username`, `first_name`, `last_name`, `email`, `phone`, `created_at`, `updated_at`) VALUES (73, 'fkrajcik', 'Peter', 'Fisher', 'kreiger.wilber@example.com', '544-085-6024x4211', '2020-07-14 11:01:05', '2020-06-04 21:07:26');
INSERT INTO `users` (`id`, `username`, `first_name`, `last_name`, `email`, `phone`, `created_at`, `updated_at`) VALUES (74, 'roy65', 'Annetta', 'McCullough', 'beulah36@example.com', '064.842.3192x3931', '2020-08-24 09:38:42', '2020-10-01 12:57:41');
INSERT INTO `users` (`id`, `username`, `first_name`, `last_name`, `email`, `phone`, `created_at`, `updated_at`) VALUES (75, 'lowe.zena', 'Aleen', 'Treutel', 'jeremie.hand@example.net', '(972)148-3844x994', '2020-12-11 16:24:56', '2021-02-24 14:04:24');
INSERT INTO `users` (`id`, `username`, `first_name`, `last_name`, `email`, `phone`, `created_at`, `updated_at`) VALUES (76, 'lakin.whitney', 'Lora', 'Macejkovic', 'marquardt.kellen@example.net', '940-323-6437', '2020-11-18 01:31:51', '2020-11-05 01:56:03');
INSERT INTO `users` (`id`, `username`, `first_name`, `last_name`, `email`, `phone`, `created_at`, `updated_at`) VALUES (77, 'ocie50', 'Joey', 'Hoppe', 'filiberto.batz@example.net', '761-511-3732x5787', '2020-04-19 10:07:59', '2020-12-06 03:07:45');
INSERT INTO `users` (`id`, `username`, `first_name`, `last_name`, `email`, `phone`, `created_at`, `updated_at`) VALUES (78, 'ramiro.stoltenberg', 'Libby', 'Zulauf', 'michaela.hayes@example.org', '1-810-987-2909x650', '2020-12-21 20:50:44', '2020-07-04 19:48:34');
INSERT INTO `users` (`id`, `username`, `first_name`, `last_name`, `email`, `phone`, `created_at`, `updated_at`) VALUES (79, 'renner.madelyn', 'Keshaun', 'Ratke', 'cormier.jettie@example.net', '823-469-4742x990', '2020-04-09 00:59:34', '2021-01-23 01:49:31');
INSERT INTO `users` (`id`, `username`, `first_name`, `last_name`, `email`, `phone`, `created_at`, `updated_at`) VALUES (80, 'ibeer', 'Felix', 'Aufderhar', 'trever19@example.org', '+20(3)9296980510', '2020-07-07 02:24:17', '2020-04-11 00:15:14');
INSERT INTO `users` (`id`, `username`, `first_name`, `last_name`, `email`, `phone`, `created_at`, `updated_at`) VALUES (81, 'baumbach.mckayla', 'Noemy', 'Runolfsson', 'yolanda.ernser@example.org', '(070)516-3506x788', '2020-10-19 09:33:56', '2020-09-22 20:59:13');
INSERT INTO `users` (`id`, `username`, `first_name`, `last_name`, `email`, `phone`, `created_at`, `updated_at`) VALUES (82, 'casandra21', 'Percy', 'Zulauf', 'antonina18@example.net', '(318)725-6144', '2021-01-12 12:10:02', '2020-11-29 10:22:35');
INSERT INTO `users` (`id`, `username`, `first_name`, `last_name`, `email`, `phone`, `created_at`, `updated_at`) VALUES (83, 'kprosacco', 'Hiram', 'Tremblay', 'amya.watsica@example.org', '03624158826', '2020-06-15 19:34:49', '2020-09-24 19:24:40');
INSERT INTO `users` (`id`, `username`, `first_name`, `last_name`, `email`, `phone`, `created_at`, `updated_at`) VALUES (84, 'vance44', 'Webster', 'Prohaska', 'alvah.ondricka@example.com', '198-119-3710x2021', '2020-07-31 02:33:02', '2021-01-15 16:18:57');
INSERT INTO `users` (`id`, `username`, `first_name`, `last_name`, `email`, `phone`, `created_at`, `updated_at`) VALUES (85, 'xwintheiser', 'Jesus', 'Kovacek', 'kennedi94@example.net', '420.948.0260', '2020-11-16 03:29:57', '2020-09-13 01:43:37');
INSERT INTO `users` (`id`, `username`, `first_name`, `last_name`, `email`, `phone`, `created_at`, `updated_at`) VALUES (86, 'lmckenzie', 'Titus', 'Armstrong', 'alexa17@example.org', '(296)103-2351x9859', '2020-09-02 07:15:45', '2021-02-17 03:45:42');
INSERT INTO `users` (`id`, `username`, `first_name`, `last_name`, `email`, `phone`, `created_at`, `updated_at`) VALUES (87, 'cayla43', 'Mervin', 'McGlynn', 'zrippin@example.com', '455-770-4720x92006', '2020-07-16 21:44:20', '2020-10-10 00:00:30');
INSERT INTO `users` (`id`, `username`, `first_name`, `last_name`, `email`, `phone`, `created_at`, `updated_at`) VALUES (88, 'marianna31', 'Markus', 'Kuhic', 'keyon08@example.net', '(426)842-2314', '2020-10-07 14:43:17', '2020-05-15 00:34:51');
INSERT INTO `users` (`id`, `username`, `first_name`, `last_name`, `email`, `phone`, `created_at`, `updated_at`) VALUES (89, 'ahmed.hahn', 'Jayce', 'Hudson', 'bianka21@example.com', '(427)670-1707x2595', '2020-09-23 07:38:27', '2020-09-02 04:59:22');
INSERT INTO `users` (`id`, `username`, `first_name`, `last_name`, `email`, `phone`, `created_at`, `updated_at`) VALUES (90, 'ygulgowski', 'Vanessa', 'Schoen', 'jhintz@example.net', '+84(2)9341262683', '2020-09-10 18:43:40', '2020-11-15 01:23:33');
INSERT INTO `users` (`id`, `username`, `first_name`, `last_name`, `email`, `phone`, `created_at`, `updated_at`) VALUES (91, 'annabel57', 'Trisha', 'Glover', 'zgoyette@example.net', '518-396-8345', '2020-08-08 15:30:59', '2020-06-05 23:33:05');
INSERT INTO `users` (`id`, `username`, `first_name`, `last_name`, `email`, `phone`, `created_at`, `updated_at`) VALUES (92, 'michele33', 'Alexane', 'Nader', 'ward.barton@example.com', '(373)319-7614', '2020-04-12 11:30:14', '2020-05-15 19:41:46');
INSERT INTO `users` (`id`, `username`, `first_name`, `last_name`, `email`, `phone`, `created_at`, `updated_at`) VALUES (93, 'mariano64', 'Brenda', 'Crooks', 'gusikowski.jessica@example.com', '326.849.3124x0119', '2020-03-31 07:18:02', '2020-11-17 07:29:28');
INSERT INTO `users` (`id`, `username`, `first_name`, `last_name`, `email`, `phone`, `created_at`, `updated_at`) VALUES (94, 'aliya25', 'Jacques', 'Schumm', 'blaze.orn@example.com', '986.534.2844x53464', '2021-03-06 18:30:57', '2021-02-13 18:38:49');
INSERT INTO `users` (`id`, `username`, `first_name`, `last_name`, `email`, `phone`, `created_at`, `updated_at`) VALUES (95, 'hessel.daisha', 'Jaydon', 'Davis', 'rodriguez.floy@example.net', '(452)451-6765x414', '2020-08-09 22:16:34', '2020-10-06 15:43:02');
INSERT INTO `users` (`id`, `username`, `first_name`, `last_name`, `email`, `phone`, `created_at`, `updated_at`) VALUES (96, 'monty.cruickshank', 'Guiseppe', 'Schaefer', 'adams.giuseppe@example.org', '171-665-2196x453', '2020-04-25 22:38:51', '2021-02-23 07:27:15');
INSERT INTO `users` (`id`, `username`, `first_name`, `last_name`, `email`, `phone`, `created_at`, `updated_at`) VALUES (97, 'kessler.nyasia', 'Juston', 'Moore', 'qmosciski@example.net', '08398617368', '2020-11-26 20:09:28', '2020-05-15 10:24:41');
INSERT INTO `users` (`id`, `username`, `first_name`, `last_name`, `email`, `phone`, `created_at`, `updated_at`) VALUES (98, 'vbahringer', 'Savannah', 'Wolff', 'freida05@example.com', '(542)596-4496x05146', '2020-11-16 06:29:44', '2020-04-06 13:18:30');
INSERT INTO `users` (`id`, `username`, `first_name`, `last_name`, `email`, `phone`, `created_at`, `updated_at`) VALUES (99, 'nkuhic', 'Delaney', 'Hagenes', 'ypaucek@example.com', '07264128575', '2020-10-11 16:32:02', '2021-01-25 18:40:31');
INSERT INTO `users` (`id`, `username`, `first_name`, `last_name`, `email`, `phone`, `created_at`, `updated_at`) VALUES (100, 'mbreitenberg', 'Olin', 'Heathcote', 'ernestine75@example.org', '+18(1)8437699717', '2020-09-12 04:06:04', '2020-12-04 18:45:39');


ALTER TABLE books DROP COLUMN series_id;


-- Внешние ключи

-- Для таблиц профилей
ALTER TABLE profiles
  ADD CONSTRAINT profiles_user_id_fk 
    FOREIGN KEY (user_id) REFERENCES users(id)
      ON DELETE CASCADE;
     
-- Для таблицы дружбы
ALTER TABLE friendship 
  ADD CONSTRAINT friendship_user_id_fk
    FOREIGN KEY (user_id) REFERENCES users(id),
  ADD CONSTRAINT friendship_friend_id_fk
    FOREIGN KEY (friend_id) REFERENCES users(id),
  ADD CONSTRAINT friendship_friendship_status_id_fk
    FOREIGN KEY (friendship_status_id) REFERENCES friendship_statuses(id);


-- Для таблицы медиа
ALTER TABLE media
  ADD CONSTRAINT media_user_id_fk
    FOREIGN KEY (user_id) REFERENCES users(id),
  ADD CONSTRAINT media_profiles_media_id_fk
    FOREIGN KEY (id) REFERENCES profiles(media_id),
  ADD CONSTRAINT media_posts_media_id_fk
    FOREIGN KEY (id) REFERENCES posts(media_id),
  ADD CONSTRAINT media_books_media_id_fk
    FOREIGN KEY (id) REFERENCES books(media_id);







